NumCasa;Nombre;IngresoPersonal;Empleo;Edad;Sexo;EstadoCivil;NivelEducativo;Grado;barrio
1091;Pedro Alejandro Gonzalez Lopez;15500;Enfermero;54;M;Soltero;Universidad;5;Barrio Arnoldo Alemán
1171;Lucia Alejandro Martinez Hernandez;8500;Campesino;54;F;Soltero;Primaria;1;Barrio La Cruz
1288;Juan Alejandro Flores Perez;16000;Médico general;37;M;Casado;Universidad;5;Barrio El Calvario
1247;Carlos Alejandro Mendoza Martinez;0;Desempleado;75;M;Casado;Preescolar;2;Colina del Verbo
1180;Maria Alejandro Hernandez Mendoza;19000;Electricista;34;F;Casado;Secundaria;5;El Calavario
1034;Camila Alejandro Torres Gonzalez;15000;Maestro;41;F;Casado;Universidad;5;El Calavario
1042;Camila Alejandro Gonzalez Torres;0;Desempleado;62;F;Casado;Primaria;1;Colina del Verbo
1261;Juan Alejandro Ruiz Gonzalez;0;Desempleado;17;M;Soltero;Secundaria;1;Altamira del Este
1016;Valeria Alejandro Hernandez Lopez;8500;Campesino;22;F;Soltero;Técnico;1;Barrio La Cruz
1469;Maria Alejandro Hernandez Hernandez;13000;Conductor de taxi;20;F;Soltero;Técnico;1;Barrio El Rosario
1083;Kevin Alejandro Hernandez Mendoza;17000;Albañil;80;M;Casado;Secundaria;5;Sol de libertad
1167;Ana Alejandro Martinez Torres;14500;Cocinero;56;F;Casado;Primaria;1;Barrio Los Pinos
1450;Andres Alejandro Lopez Gonzalez;11500;Dependiente de tienda;77;M;Casado;Técnico;1;Monimbó
1458;Valeria Alejandro Torres Hernandez;0;Desempleado;47;F;Soltero;Primaria;1;Altamira del Este
1156;Carlos Alejandro Hernandez Gonzalez;0;Desempleado;13;M;Soltero;Secundaria;1;San Judas
1460;Luis Alejandro Castro Ruiz;0;Desempleado;25;M;Soltero;Primaria;5;San Ramón
1157;Carlos Alejandro Castro Gonzalez;15000;Maestro;73;M;Casado;Universidad;5;Baká
1337;Marta Alejandro Martinez Torres;21000;Costur`ero;66;F;Casado;Primaria;1;Barrio Medardo Andino
1304;Sofia Alejandro Gonzalez Perez;0;Desempleado;5;F;Soltero;Preescolar;1;Urbanización San Miguel
1464;Valeria Alejandro Torres Ruiz;0;Desempleado;13;F;Soltero;Secundaria;1;Barrio Obrero
1024;Camila Alejandro Hernandez Hernandez;0;Desempleado;22;F;Soltero;Técnico;1;Barrio Obrero
1355;Kevin Alejandro Perez Castro;0;Desempleado;35;M;Soltero;Preescolar;3;Colina del Verbo
1185;Miguel Alejandro Castro Hernandez;0;Desempleado;66;M;Casado;Preescolar;3;Barrio Medardo Andino
1469;Sofia Alejandro Torres Ruiz;0;Desempleado;5;F;Soltero;Preescolar;1;Barrio El Rosario
1357;Marta Alejandro Perez Lopez;0;Desempleado;19;F;Soltero;Técnico;1;Urbanización San Miguel
1304;Fernanda Alejandro Gonzalez Martinez;0;Desempleado;2;F;Soltero;Preescolar;1;Urbanización San Miguel
1293;Mario Alejandro Mendoza Flores;0;Desempleado;49;M;Casado;Preescolar;1;Colina del Verbo
1182;Elena Alejandro Perez Ruiz;0;Desempleado;65;F;Casado;Preescolar;1;Barrio El Rosario
1118;Jose Alejandro Gonzalez Lopez;10000;Vendedor;53;M;Casado;Técnico;1;Barrio Medardo Andino
1219;Jose Alejandro Torres Torres;0;Desempleado;65;M;Casado;Preescolar;2;María Auxiliadora
1445;Paula Alejandro Castro Mendoza;0;Desempleado;19;F;Soltero;Técnico;1;Barrio El Calvario
1464;Daniel Alejandro Gonzalez Flores;12000;Trabajador doméstico;31;M;Soltero;Primaria;5;Barrio Obrero
1351;Pedro Alejandro Castro Castro;0;Desempleado;22;M;Soltero;Técnico;1;El Calavario
1423;Kevin Alejandro Flores Flores;19000;Electricista;26;M;Soltero;Secundaria;5;Barrio Obrero
1449;Carlos Alejandro Perez Gonzalez;0;Desempleado;39;M;Soltero;Preescolar;3;Barrio Medardo Andino
1328;Fernanda Alejandro Perez Martinez;9000;Obrero;57;F;Soltero;Primaria;2;Barrio La Cruz
1267;Ana Alejandro Martinez Martinez;0;Desempleado;28;F;Soltero;Preescolar;3;San Ramón
1485;Ana Alejandro Ruiz Castro;9000;Obrero;35;F;Soltero;Primaria;1;Baká
1318;Kevin Alejandro Lopez Martinez;0;Desempleado;38;M;Soltero;Preescolar;1;El Calavario
1045;Paula Alejandro Hernandez Torres;9000;Obrero;21;F;Casado;Técnico;1;San Judas
1415;Pedro Alejandro Martinez Hernandez;13000;Conductor de taxi;53;M;Casado;Preescolar;2;Sol de libertad
1172;Juan Alejandro Lopez Mendoza;0;Desempleado;19;M;Soltero;Técnico;1;San Judas
1236;Valeria Alejandro Flores Mendoza;0;Desempleado;15;F;Soltero;Secundaria;1;Urbanización San Miguel
1167;Maria Alejandro Hernandez Ruiz;8500;Campesino;49;F;Soltero;Preescolar;3;Barrio Los Pinos
1199;Lucia Alejandro Perez Flores;0;Desempleado;67;F;Soltero;Primaria;1;Colina del Verbo
1448;Ana Alejandro Castro Flores;14000;Mesero;73;F;Casado;Preescolar;2;Barrio La Cruz
1089;Camila Alejandro Martinez Perez;12500;Repartidor;79;F;Soltero;Primaria;2;Barrio 19 de Julio
1206;Maria Alejandro Perez Castro;0;Desempleado;6;F;Soltero;Primaria;1;San Ramón
1407;Luis Alejandro Martinez Flores;11000;Comerciante Informal;30;M;Casado;Primaria;5;Barrio Los Pinos
1170;Carlos Alejandro Ruiz Torres;0;Desempleado;12;M;Soltero;Primaria;2;Monimbó
1120;Pedro Alejandro Perez Martinez;13500;Barbero;22;M;Soltero;Técnico;1;Barrio Guadalupe
1495;Luis Alejandro Hernandez Hernandez;10500;Cajero;68;M;Casado;Técnico;1;Monimbó
1380;Valeria Alejandro Martinez Hernandez;0;Desempleado;52;F;Casado;Primaria;1;Urbanización San Miguel
1332;Paula Alejandro Castro Ruiz;0;Desempleado;45;F;Casado;Preescolar;3;San Ramón
1436;Ana Alejandro Hernandez Flores;21000;Costur`ero;71;F;Soltero;Primaria;5;Barrio La Cruz
1049;Andres Alejandro Martinez Perez;0;Desempleado;1;M;Soltero;Preescolar;1;Barrio El Rosario
1328;Marta Alejandro Mendoza Mendoza;0;Desempleado;43;F;Soltero;Preescolar;1;Barrio La Cruz
1181;Camila Alejandro Castro Castro;0;Desempleado;11;F;Soltero;Primaria;1;19 de Julio
1463;Ana Alejandro Castro Mendoza;9000;Obrero;77;F;Casado;Primaria;1;Barrio Los Pinos
1379;Marta Alejandro Flores Martinez;0;Desempleado;35;F;Casado;Primaria;1;María Auxiliadora
1223;Sofia Alejandro Lopez Flores;9500;Técnico Agropecuario;20;F;Soltero;Técnico;3;Altamira del Este
1107;Luis Alejandro Martinez Martinez;0;Desempleado;12;M;Soltero;Primaria;1;Barrio Guadalupe
1211;Sofia Alejandro Hernandez Ruiz;0;Desempleado;7;F;Soltero;Primaria;3;Barrio Los Pinos
1452;Miguel Alejandro Perez Ruiz;0;Desempleado;6;M;Soltero;Primaria;2;Sol de libertad
1459;Luis Alejandro Mendoza Torres;0;Desempleado;34;M;Casado;Preescolar;2;Altamira del Este
1305;Juan Alejandro Perez Flores;12000;Trabajador doméstico;57;M;Soltero;Primaria;2;Monimbó
1356;Camila Alejandro Flores Gonzalez;14500;Cocinero;44;F;Soltero;Preescolar;1;Barrio El Calvario
1451;Jose Alejandro Gonzalez Perez;11500;Dependiente de tienda;28;M;Soltero;Técnico;1;Urbanización San Miguel
1097;Elena Alejandro Castro Torres;14000;Mesero;40;F;Soltero;Primaria;1;Barrio Los Pinos
1369;Elena Alejandro Martinez Flores;0;Desempleado;2;F;Soltero;Preescolar;1;19 de Julio
1447;Kevin Alejandro Gonzalez Mendoza;0;Desempleado;12;M;Soltero;Primaria;3;María Auxiliadora
1385;Paula Alejandro Perez Torres;0;Desempleado;77;F;Casado;Primaria;4;Monimbó
1019;Luis Alejandro Lopez Torres;9500;Técnico Agropecuario;49;M;Soltero;Técnico;3;Barrio 19 de Julio
1307;Ana Alejandro Castro Lopez;0;Desempleado;60;F;Soltero;Preescolar;3;Barrio 19 de Julio
1172;Juan Alejandro Martinez Flores;15000;Maestro;61;M;Casado;Universidad;5;San Judas
1308;Paula Alejandro Mendoza Lopez;11500;Dependiente de tienda;80;F;Casado;Técnico;1;María Auxiliadora
1179;Ana Alejandro Torres Ruiz;0;Desempleado;14;F;Soltero;Secundaria;1;Barrio Obrero
1224;Camila Alejandro Hernandez Martinez;0;Desempleado;8;F;Soltero;Primaria;5;Barrio El Calvario
1276;Paula Alejandro Lopez Ruiz;8500;Campesino;37;F;Casado;Primaria;4;Barrio La Cruz
1414;Maria Alejandro Mendoza Martinez;0;Desempleado;7;F;Soltero;Primaria;1;Barrio Arnoldo Alemán
1036;Lucia Alejandro Ruiz Flores;17000;Albañil;41;F;Casado;Secundaria;5;Barrio Arnoldo Alemán
1070;Fernanda Alejandro Perez Torres;0;Desempleado;60;F;Casado;Primaria;4;Barrio Los Pinos
1463;Jose Alejandro Flores Torres;12000;Trabajador doméstico;44;M;Casado;Primaria;3;Barrio Los Pinos
1156;Miguel Alejandro Ruiz Castro;17000;Albañil;60;M;Casado;Secundaria;5;San Judas
1074;Miguel Alejandro Hernandez Castro;0;Desempleado;51;M;Soltero;Primaria;1;Baká
1342;Lucia Alejandro Hernandez Martinez;21000;Costur`ero;36;F;Casado;Preescolar;1;Monimbó
1385;Mario Alejandro Lopez Flores;13000;Conductor de taxi;72;M;Casado;Primaria;2;Monimbó
1254;Ana Alejandro Ruiz Hernandez;10000;Vendedor;74;F;Casado;Técnico;1;Barrio Guadalupe
1022;Maria Alejandro Ruiz Flores;21000;Costur`ero;51;F;Soltero;Primaria;4;San Judas
1005;Mario Alejandro Hernandez Torres;0;Desempleado;2;M;Soltero;Preescolar;2;Monimbó
1136;Maria Alejandro Mendoza Ruiz;0;Desempleado;49;F;Soltero;Primaria;2;Barrio El Rosario
1271;Maria Alejandro Mendoza Lopez;0;Desempleado;12;F;Soltero;Primaria;4;Barrio Medardo Andino
1026;Paula Alejandro Martinez Gonzalez;11500;Dependiente de tienda;32;F;Casado;Técnico;1;19 de Julio
1156;Lucia Alejandro Lopez Hernandez;14500;Cocinero;28;F;Casado;Preescolar;3;San Judas
1207;Elena Alejandro Flores Flores;9500;Técnico Agropecuario;40;F;Casado;Técnico;3;Barrio La Cruz
1050;Marta Alejandro Torres Mendoza;9000;Obrero;68;F;Casado;Primaria;2;Baká
1316;Jose Alejandro Castro Perez;18000;Carpintero;41;M;Soltero;Secundaria;5;Colina del Verbo
1277;Andres Alejandro Perez Mendoza;0;Desempleado;5;M;Soltero;Preescolar;1;Colina del Verbo
1452;Jose Alejandro Ruiz Lopez;0;Desempleado;22;M;Soltero;Técnico;1;Sol de libertad
1326;Elena Alejandro Flores Gonzalez;15500;Enfermero;65;F;Casado;Universidad;5;Barrio Guadalupe
1221;Pedro Alejandro Castro Lopez;12500;Repartidor;50;M;Casado;Primaria;4;Barrio El Rosario
1210;Daniel Alejandro Lopez Gonzalez;19000;Electricista;77;M;Casado;Secundaria;5;Colina del Verbo
1372;Ana Alejandro Hernandez Mendoza;13500;Barbero;31;F;Soltero;Preescolar;3;Monimbó
1447;Marta Alejandro Perez Castro;0;Desempleado;30;F;Soltero;Preescolar;2;María Auxiliadora
1215;Fernanda Alejandro Hernandez Torres;13000;Conductor de taxi;32;F;Soltero;Preescolar;3;Sol de libertad
1061;Sofia Alejandro Martinez Ruiz;0;Desempleado;13;F;Soltero;Secundaria;1;Barrio 19 de Julio
1017;Pedro Alejandro Martinez Torres;14500;Cocinero;28;M;Soltero;Preescolar;1;19 de Julio
1208;Juan Alejandro Perez Hernandez;0;Desempleado;47;M;Casado;Primaria;5;Urbanización San Miguel
1237;Carlos Alejandro Flores Gonzalez;0;Desempleado;31;M;Soltero;Primaria;1;Barrio Obrero
1455;Lucia Alejandro Ruiz Perez;17000;Albañil;35;F;Soltero;Secundaria;5;Baká
1343;Jose Alejandro Lopez Perez;0;Desempleado;10;M;Soltero;Primaria;2;Urbanización San Miguel
1288;Ana Alejandro Gonzalez Ruiz;0;Desempleado;77;F;Soltero;Primaria;3;Barrio El Calvario
1046;Lucia Alejandro Mendoza Mendoza;14000;Mesero;80;F;Casado;Preescolar;3;Barrio Los Pinos
1189;Luis Alejandro Lopez Martinez;21000;Costur`ero;51;M;Soltero;Preescolar;1;Barrio Los Pinos
1203;Kevin Alejandro Flores Gonzalez;0;Desempleado;59;M;Soltero;Primaria;3;Barrio El Calvario
1430;Marta Alejandro Hernandez Martinez;0;Desempleado;17;F;Soltero;Secundaria;1;Barrio 19 de Julio
1107;Mario Alejandro Lopez Martinez;8500;Campesino;77;M;Casado;Primaria;1;Barrio Guadalupe
1354;Juan Alejandro Gonzalez Gonzalez;10500;Cajero;23;M;Soltero;Técnico;1;Altamira del Este
1039;Juan Alejandro Perez Torres;12500;Repartidor;21;M;Soltero;Técnico;1;Sol de libertad
1485;Jose Alejandro Gonzalez Martinez;11500;Dependiente de tienda;56;M;Soltero;Técnico;1;Baká
1023;Valeria Alejandro Mendoza Perez;12000;Trabajador doméstico;60;F;Casado;Primaria;4;Baká
1485;Camila Alejandro Ruiz Flores;0;Desempleado;67;F;Soltero;Primaria;1;Baká
1493;Jose Alejandro Martinez Castro;17000;Albañil;14;M;Soltero;Secundaria;5;Barrio Medardo Andino
1013;Sofia Alejandro Mendoza Gonzalez;0;Desempleado;9;F;Soltero;Primaria;1;Altamira del Este
1271;Kevin Alejandro Perez Perez;14000;Mesero;47;M;Casado;Primaria;1;Barrio Medardo Andino
1394;Lucia Alejandro Castro Castro;18000;Carpintero;18;F;Casado;Secundaria;5;Baká
1289;Daniel Alejandro Martinez Flores;13500;Barbero;62;M;Soltero;Primaria;4;Colina del Verbo
1194;Lucia Alejandro Flores Flores;8500;Campesino;27;F;Soltero;Preescolar;1;Barrio Medardo Andino
1498;Andres Alejandro Ruiz Lopez;0;Desempleado;60;M;Casado;Primaria;2;Barrio El Calvario
1489;Carlos Alejandro Flores Martinez;0;Desempleado;21;M;Soltero;Técnico;1;Barrio El Calvario
1006;Luis Alejandro Mendoza Hernandez;10000;Vendedor;61;M;Casado;Técnico;1;Barrio Arnoldo Alemán
1176;Valeria Alejandro Torres Castro;17000;Albañil;65;F;Casado;Secundaria;5;Altamira del Este
1076;Valeria Alejandro Hernandez Martinez;15500;Enfermero;39;F;Casado;Universidad;5;Sol de libertad
1371;Andres Alejandro Flores Ruiz;0;Desempleado;60;M;Soltero;Preescolar;2;19 de Julio
1356;Juan Alejandro Mendoza Gonzalez;13500;Barbero;21;M;Soltero;Técnico;1;Barrio El Calvario
1395;Lucia Alejandro Gonzalez Lopez;0;Desempleado;23;F;Soltero;Primaria;1;Urbanización San Miguel
1391;Maria Alejandro Hernandez Ruiz;9000;Obrero;73;F;Casado;Primaria;4;María Auxiliadora
1350;Maria Alejandro Torres Gonzalez;0;Desempleado;10;F;Soltero;Primaria;4;Barrio El Rosario
1127;Miguel Alejandro Perez Ruiz;0;Desempleado;6;M;Soltero;Primaria;2;María Auxiliadora
1406;Ana Alejandro Hernandez Mendoza;9000;Obrero;31;F;Soltero;Preescolar;2;San Ramón
1405;Jose Alejandro Martinez Ruiz;14000;Mesero;70;M;Soltero;Primaria;1;Altamira del Este
1068;Lucia Alejandro Ruiz Perez;9000;Obrero;62;F;Casado;Primaria;5;Barrio El Calvario
1064;Lucia Alejandro Torres Castro;10000;Vendedor;40;F;Soltero;Técnico;1;Baká
1181;Pedro Alejandro Mendoza Flores;13000;Conductor de taxi;61;M;Soltero;Primaria;3;19 de Julio
1090;Valeria Alejandro Perez Martinez;21000;Costur`ero;26;F;Soltero;Primaria;1;19 de Julio
1419;Fernanda Alejandro Castro Perez;11500;Dependiente de tienda;77;F;Casado;Técnico;1;María Auxiliadora
1080;Luis Alejandro Mendoza Torres;14500;Cocinero;43;M;Casado;Preescolar;3;Barrio Los Pinos
1500;Carlos Alejandro Castro Mendoza;13500;Barbero;72;M;Soltero;Primaria;4;Baká
1146;Maria Alejandro Perez Torres;0;Desempleado;75;F;Soltero;Primaria;4;Barrio Obrero
1207;Pedro Alejandro Torres Ruiz;10000;Vendedor;17;M;Soltero;Técnico;1;Barrio La Cruz
1155;Pedro Alejandro Torres Martinez;14500;Cocinero;18;M;Soltero;Técnico;1;Colina del Verbo
1265;Sofia Alejandro Lopez Perez;17000;Albañil;67;F;Casado;Secundaria;5;Barrio El Calvario
1023;Paula Alejandro Castro Mendoza;0;Desempleado;10;F;Soltero;Primaria;1;Baká
1186;Valeria Alejandro Castro Ruiz;8500;Campesino;62;F;Soltero;Primaria;5;Colina del Verbo
1341;Juan Alejandro Hernandez Perez;0;Desempleado;37;M;Soltero;Primaria;4;Urbanización San Miguel
1223;Daniel Alejandro Castro Lopez;8500;Campesino;45;M;Casado;Preescolar;1;Altamira del Este
1478;Paula Alejandro Castro Torres;9000;Obrero;56;F;Soltero;Primaria;2;Urbanización San Miguel
1389;Valeria Alejandro Castro Lopez;0;Desempleado;11;F;Soltero;Primaria;1;Sol de libertad
1055;Miguel Alejandro Martinez Gonzalez;10000;Vendedor;59;M;Soltero;Técnico;1;San Judas
1312;Pedro Alejandro Gonzalez Martinez;13500;Barbero;71;M;Casado;Primaria;1;Barrio Los Pinos
1486;Elena Alejandro Gonzalez Flores;10000;Vendedor;17;F;Soltero;Técnico;1;Barrio 19 de Julio
1004;Pedro Alejandro Flores Torres;0;Desempleado;57;M;Casado;Primaria;5;Barrio Medardo Andino
1420;Lucia Alejandro Gonzalez Martinez;0;Desempleado;51;F;Soltero;Primaria;1;María Auxiliadora
1319;Sofia Alejandro Gonzalez Flores;0;Desempleado;23;F;Soltero;Preescolar;3;San Judas
1056;Fernanda Alejandro Lopez Torres;14000;Mesero;50;F;Soltero;Primaria;2;19 de Julio
1191;Maria Alejandro Hernandez Ruiz;16000;Médico general;67;F;Casado;Universidad;5;Barrio Guadalupe
1352;Lucia Alejandro Perez Perez;0;Desempleado;53;F;Soltero;Primaria;1;Barrio Arnoldo Alemán
1332;Daniel Alejandro Torres Mendoza;10000;Vendedor;37;M;Soltero;Técnico;1;San Ramón
1493;Andres Alejandro Martinez Perez;9500;Técnico Agropecuario;29;M;Soltero;Técnico;3;Barrio Medardo Andino
1232;Daniel Alejandro Ruiz Mendoza;0;Desempleado;7;M;Soltero;Primaria;1;Barrio Medardo Andino
1430;Andres Alejandro Torres Perez;0;Desempleado;2;M;Soltero;Preescolar;2;Barrio 19 de Julio
1100;Andres Alejandro Mendoza Hernandez;14500;Cocinero;78;M;Casado;Primaria;1;Barrio El Calvario
1088;Kevin Alejandro Castro Hernandez;0;Desempleado;5;M;Soltero;Preescolar;1;Barrio Guadalupe
1475;Valeria Alejandro Torres Lopez;0;Desempleado;32;F;Soltero;Preescolar;3;Barrio Arnoldo Alemán
1424;Mario Alejandro Martinez Hernandez;0;Desempleado;73;M;Casado;Preescolar;1;19 de Julio
1120;Marta Alejandro Martinez Flores;0;Desempleado;53;F;Soltero;Preescolar;3;Barrio Guadalupe
1118;Luis Alejandro Torres Hernandez;0;Desempleado;11;M;Soltero;Primaria;1;Barrio Medardo Andino
1204;Mario Alejandro Hernandez Perez;11500;Dependiente de tienda;43;M;Soltero;Técnico;1;Barrio Arnoldo Alemán
1262;Lucia Alejandro Ruiz Hernandez;15500;Enfermero;30;F;Soltero;Universidad;5;Colina del Verbo
1200;Kevin Alejandro Torres Lopez;0;Desempleado;4;M;Soltero;Preescolar;2;Barrio La Cruz
1087;Pedro Alejandro Lopez Gonzalez;18000;Carpintero;46;M;Soltero;Secundaria;5;Barrio Los Pinos
1159;Maria Alejandro Torres Perez;0;Desempleado;66;F;Soltero;Preescolar;2;Barrio El Rosario
1307;Jose Alejandro Gonzalez Martinez;14000;Mesero;48;M;Soltero;Primaria;3;Barrio 19 de Julio
1328;Fernanda Alejandro Ruiz Lopez;11500;Dependiente de tienda;16;F;Soltero;Técnico;1;Barrio La Cruz
1319;Maria Alejandro Lopez Torres;0;Desempleado;42;F;Soltero;Preescolar;1;San Judas
1478;Carlos Alejandro Perez Perez;15000;Maestro;27;M;Casado;Universidad;5;Urbanización San Miguel
1036;Daniel Alejandro Flores Martinez;18000;Carpintero;21;M;Soltero;Secundaria;5;Barrio Arnoldo Alemán
1165;Pedro Alejandro Hernandez Lopez;12500;Repartidor;45;M;Soltero;Primaria;2;Barrio El Rosario
1262;Daniel Alejandro Mendoza Martinez;14500;Cocinero;64;M;Soltero;Primaria;1;Colina del Verbo
1385;Marta Alejandro Hernandez Torres;18000;Carpintero;63;F;Soltero;Secundaria;5;Monimbó
1212;Daniel Alejandro Flores Castro;0;Desempleado;5;M;Soltero;Preescolar;1;Barrio La Cruz
1456;Lucia Alejandro Hernandez Ruiz;18000;Carpintero;30;F;Soltero;Secundaria;5;Barrio La Cruz
1410;Mario Alejandro Martinez Ruiz;10000;Vendedor;79;M;Casado;Técnico;1;María Auxiliadora
1404;Fernanda Alejandro Lopez Castro;0;Desempleado;77;F;Casado;Primaria;2;Baká
1099;Daniel Alejandro Martinez Gonzalez;9500;Técnico Agropecuario;26;M;Casado;Técnico;3;Barrio 19 de Julio
1043;Marta Alejandro Ruiz Castro;0;Desempleado;12;F;Soltero;Primaria;1;Monimbó
1490;Carlos Alejandro Gonzalez Martinez;0;Desempleado;79;M;Casado;Primaria;1;Colina del Verbo
1081;Daniel Alejandro Ruiz Perez;0;Desempleado;67;M;Soltero;Preescolar;2;San Ramón
1390;Daniel Alejandro Ruiz Martinez;0;Desempleado;14;M;Soltero;Secundaria;1;Barrio La Cruz
1243;Jose Alejandro Perez Castro;0;Desempleado;69;M;Soltero;Preescolar;3;María Auxiliadora
1114;Andres Alejandro Perez Flores;17000;Albañil;28;M;Soltero;Secundaria;5;Barrio El Calvario
1251;Lucia Alejandro Hernandez Ruiz;0;Desempleado;28;F;Soltero;Preescolar;1;Baká
1492;Juan Alejandro Castro Lopez;0;Desempleado;5;M;Soltero;Preescolar;1;Barrio Arnoldo Alemán
1213;Pedro Alejandro Lopez Torres;15500;Enfermero;47;M;Soltero;Universidad;5;Barrio Medardo Andino
1438;Camila Alejandro Lopez Gonzalez;0;Desempleado;48;F;Soltero;Primaria;1;María Auxiliadora
1325;Elena Alejandro Mendoza Torres;0;Desempleado;4;F;Soltero;Preescolar;1;Sol de libertad
1432;Fernanda Alejandro Lopez Torres;10000;Vendedor;24;F;Soltero;Técnico;1;Monimbó
1221;Sofia Alejandro Hernandez Martinez;11000;Comerciante Informal;33;F;Soltero;Preescolar;1;Barrio El Rosario
1087;Lucia Alejandro Gonzalez Mendoza;14500;Cocinero;20;F;Casado;Técnico;1;Barrio Los Pinos
1275;Valeria Alejandro Lopez Hernandez;13500;Barbero;80;F;Casado;Preescolar;1;Altamira del Este
1253;Juan Alejandro Martinez Torres;19000;Electricista;43;M;Soltero;Secundaria;5;Baká
1277;Paula Alejandro Castro Martinez;15500;Enfermero;66;F;Casado;Universidad;5;Colina del Verbo
1330;Mario Alejandro Flores Flores;9000;Obrero;49;M;Soltero;Primaria;3;San Judas
1452;Juan Alejandro Gonzalez Lopez;10500;Cajero;37;M;Casado;Técnico;1;Sol de libertad
1188;Pedro Alejandro Flores Ruiz;11500;Dependiente de tienda;64;M;Casado;Técnico;1;San Judas
1130;Elena Alejandro Gonzalez Ruiz;0;Desempleado;17;F;Soltero;Secundaria;1;Barrio Obrero
1048;Lucia Alejandro Hernandez Perez;0;Desempleado;3;F;Soltero;Preescolar;1;San Ramón
1395;Marta Alejandro Perez Perez;12000;Trabajador doméstico;40;F;Soltero;Primaria;2;Urbanización San Miguel
1141;Carlos Alejandro Lopez Ruiz;12500;Repartidor;76;M;Casado;Primaria;1;El Calavario
1006;Marta Alejandro Martinez Gonzalez;11000;Comerciante Informal;28;F;Casado;Preescolar;2;Barrio Arnoldo Alemán
1174;Jose Alejandro Flores Castro;8500;Campesino;48;M;Casado;Primaria;3;Altamira del Este
1394;Kevin Alejandro Hernandez Ruiz;8500;Campesino;46;M;Casado;Preescolar;1;Baká
1455;Fernanda Alejandro Torres Hernandez;0;Desempleado;68;F;Casado;Primaria;1;Baká
1228;Maria Alejandro Torres Mendoza;0;Desempleado;62;F;Soltero;Primaria;5;Barrio Arnoldo Alemán
1017;Camila Alejandro Hernandez Martinez;12000;Trabajador doméstico;46;F;Casado;Primaria;4;19 de Julio
1010;Carlos Alejandro Lopez Torres;0;Desempleado;6;M;Soltero;Primaria;1;Barrio Guadalupe
1005;Marta Alejandro Flores Flores;0;Desempleado;10;F;Soltero;Primaria;3;Monimbó
1488;Paula Alejandro Lopez Mendoza;8500;Campesino;15;F;Soltero;Secundaria;1;Barrio La Cruz
1242;Luis Alejandro Perez Lopez;8500;Campesino;44;M;Soltero;Primaria;3;Colina del Verbo
1147;Maria Alejandro Torres Ruiz;14500;Cocinero;66;F;Casado;Primaria;4;San Judas
1157;Jose Alejandro Mendoza Perez;11500;Dependiente de tienda;67;M;Soltero;Técnico;1;Baká
1047;Luis Alejandro Mendoza Lopez;0;Desempleado;11;M;Soltero;Primaria;1;Barrio El Calvario
1044;Marta Alejandro Torres Flores;8500;Campesino;44;F;Soltero;Primaria;1;Barrio El Calvario
1171;Sofia Alejandro Gonzalez Martinez;8500;Campesino;29;F;Soltero;Primaria;2;Barrio La Cruz
1320;Paula Alejandro Lopez Hernandez;0;Desempleado;53;F;Soltero;Preescolar;3;Altamira del Este
1405;Mario Alejandro Perez Martinez;0;Desempleado;77;M;Casado;Preescolar;1;Altamira del Este
1324;Fernanda Alejandro Mendoza Martinez;0;Desempleado;71;F;Casado;Primaria;4;Urbanización San Miguel
1402;Maria Alejandro Ruiz Perez;0;Desempleado;2;F;Soltero;Preescolar;2;Altamira del Este
1030;Luis Alejandro Castro Perez;10500;Cajero;49;M;Soltero;Técnico;1;Barrio La Cruz
1201;Andres Alejandro Gonzalez Gonzalez;13500;Barbero;34;M;Soltero;Primaria;4;Barrio Obrero
1162;Daniel Alejandro Mendoza Gonzalez;0;Desempleado;52;M;Casado;Preescolar;3;Monimbó
1350;Fernanda Alejandro Ruiz Lopez;12500;Repartidor;18;F;Soltero;Técnico;1;Barrio El Rosario
1240;Marta Alejandro Ruiz Castro;0;Desempleado;69;F;Casado;Preescolar;2;El Calavario
1389;Kevin Alejandro Ruiz Mendoza;15500;Enfermero;76;M;Casado;Universidad;5;Sol de libertad
1357;Sofia Alejandro Martinez Castro;13500;Barbero;76;F;Casado;Preescolar;3;Urbanización San Miguel
1408;Miguel Alejandro Castro Castro;12000;Trabajador doméstico;71;M;Casado;Primaria;3;Barrio Arnoldo Alemán
1282;Sofia Alejandro Torres Martinez;0;Desempleado;71;F;Soltero;Preescolar;3;Urbanización San Miguel
1474;Daniel Alejandro Gonzalez Flores;11000;Comerciante Informal;50;M;Soltero;Primaria;3;El Calavario
1420;Daniel Alejandro Ruiz Torres;0;Desempleado;13;M;Soltero;Secundaria;1;María Auxiliadora
1402;Elena Alejandro Mendoza Mendoza;0;Desempleado;10;F;Soltero;Primaria;2;Altamira del Este
1339;Juan Alejandro Martinez Castro;0;Desempleado;1;M;Soltero;Preescolar;1;Barrio Medardo Andino
1061;Ana Alejandro Mendoza Hernandez;0;Desempleado;13;F;Soltero;Secundaria;1;Barrio 19 de Julio
1464;Fernanda Alejandro Gonzalez Martinez;11000;Comerciante Informal;79;F;Casado;Preescolar;1;Barrio Obrero
1403;Juan Alejandro Hernandez Lopez;9000;Obrero;14;M;Soltero;Secundaria;1;Barrio Obrero
1278;Marta Alejandro Martinez Perez;0;Desempleado;75;F;Casado;Primaria;4;Altamira del Este
1285;Miguel Alejandro Lopez Hernandez;10500;Cajero;25;M;Casado;Técnico;1;El Calavario
1427;Andres Alejandro Mendoza Flores;10500;Cajero;62;M;Soltero;Técnico;1;San Ramón
1090;Camila Alejandro Martinez Lopez;0;Desempleado;13;F;Soltero;Secundaria;1;19 de Julio
1247;Andres Alejandro Hernandez Flores;11500;Dependiente de tienda;22;M;Soltero;Técnico;1;Colina del Verbo
1133;Daniel Alejandro Mendoza Castro;13000;Conductor de taxi;22;M;Casado;Técnico;1;Colina del Verbo
1260;Daniel Alejandro Castro Hernandez;9000;Obrero;79;M;Casado;Primaria;3;Barrio El Rosario
1257;Luis Alejandro Lopez Ruiz;15500;Enfermero;33;M;Soltero;Universidad;5;Barrio Guadalupe
1489;Andres Alejandro Castro Mendoza;19000;Electricista;18;M;Soltero;Secundaria;5;Barrio El Calvario
1210;Daniel Alejandro Flores Hernandez;0;Desempleado;3;M;Soltero;Preescolar;3;Colina del Verbo
1350;Andres Alejandro Ruiz Torres;0;Desempleado;8;M;Soltero;Primaria;5;Barrio El Rosario
1455;Paula Alejandro Mendoza Hernandez;0;Desempleado;46;F;Soltero;Preescolar;2;Baká
1189;Maria Alejandro Mendoza Torres;0;Desempleado;13;F;Soltero;Secundaria;1;Barrio Los Pinos
1219;Lucia Alejandro Castro Martinez;0;Desempleado;66;F;Soltero;Primaria;3;María Auxiliadora
1279;Sofia Alejandro Ruiz Hernandez;11000;Comerciante Informal;60;F;Casado;Preescolar;1;El Calavario
1454;Ana Alejandro Lopez Gonzalez;11500;Dependiente de tienda;78;F;Casado;Técnico;1;María Auxiliadora
1457;Miguel Alejandro Torres Perez;17000;Albañil;23;M;Casado;Secundaria;5;El Calavario
1318;Pedro Alejandro Ruiz Martinez;12000;Trabajador doméstico;77;M;Casado;Preescolar;1;El Calavario
1427;Ana Alejandro Ruiz Mendoza;13500;Barbero;54;F;Soltero;Primaria;3;San Ramón
1046;Mario Alejandro Perez Perez;19000;Electricista;23;M;Casado;Secundaria;5;Barrio Los Pinos
1014;Andres Alejandro Lopez Mendoza;0;Desempleado;9;M;Soltero;Primaria;2;El Calavario
1394;Camila Alejandro Ruiz Perez;0;Desempleado;6;F;Soltero;Primaria;4;Baká
1261;Miguel Alejandro Perez Lopez;11500;Dependiente de tienda;70;M;Casado;Técnico;1;Altamira del Este
1427;Paula Alejandro Flores Perez;0;Desempleado;55;F;Soltero;Primaria;1;San Ramón
1463;Valeria Alejandro Ruiz Flores;0;Desempleado;7;F;Soltero;Primaria;3;Barrio Los Pinos
1312;Lucia Alejandro Hernandez Ruiz;0;Desempleado;1;F;Soltero;Preescolar;1;Barrio Los Pinos
1291;Lucia Alejandro Gonzalez Lopez;0;Desempleado;65;F;Casado;Primaria;3;Urbanización San Miguel
1056;Marta Alejandro Lopez Ruiz;17000;Albañil;55;F;Casado;Secundaria;5;19 de Julio
1388;Camila Alejandro Gonzalez Torres;0;Desempleado;63;F;Casado;Primaria;4;Sol de libertad
1360;Pedro Alejandro Gonzalez Gonzalez;0;Desempleado;36;M;Soltero;Primaria;2;Urbanización San Miguel
1001;Marta Alejandro Gonzalez Torres;0;Desempleado;75;F;Casado;Preescolar;3;Altamira del Este
1312;Lucia Alejandro Lopez Hernandez;0;Desempleado;4;F;Soltero;Preescolar;1;Barrio Los Pinos
1336;Andres Alejandro Castro Castro;11000;Comerciante Informal;28;M;Soltero;Preescolar;1;Barrio El Calvario
1090;Luis Alejandro Mendoza Ruiz;16000;Médico general;77;M;Casado;Universidad;5;19 de Julio
1281;Camila Alejandro Perez Lopez;10000;Vendedor;76;F;Casado;Técnico;1;Barrio Los Pinos
1330;Maria Alejandro Flores Martinez;12000;Trabajador doméstico;75;F;Casado;Primaria;2;San Judas
1447;Kevin Alejandro Hernandez Ruiz;14500;Cocinero;42;M;Casado;Preescolar;2;María Auxiliadora
1134;Carlos Alejandro Perez Lopez;9000;Obrero;79;M;Casado;Primaria;2;Barrio La Cruz
1187;Jose Alejandro Ruiz Hernandez;0;Desempleado;9;M;Soltero;Primaria;1;El Calavario
1046;Lucia Alejandro Gonzalez Flores;11500;Dependiente de tienda;70;F;Soltero;Técnico;1;Barrio Los Pinos
1441;Fernanda Alejandro Flores Torres;12500;Repartidor;25;F;Casado;Preescolar;2;San Ramón
1301;Sofia Alejandro Martinez Martinez;0;Desempleado;2;F;Soltero;Preescolar;1;Barrio Los Pinos
1120;Camila Alejandro Gonzalez Castro;0;Desempleado;62;F;Soltero;Preescolar;1;Barrio Guadalupe
1468;Marta Alejandro Lopez Torres;10500;Cajero;54;F;Casado;Técnico;1;Barrio 19 de Julio
1456;Pedro Alejandro Mendoza Castro;9500;Técnico Agropecuario;24;M;Soltero;Técnico;3;Barrio La Cruz
1208;Ana Alejandro Lopez Ruiz;0;Desempleado;42;F;Soltero;Primaria;5;Urbanización San Miguel
1113;Ana Alejandro Torres Lopez;8500;Campesino;53;F;Casado;Preescolar;3;Monimbó
1423;Marta Alejandro Martinez Hernandez;15000;Maestro;56;F;Soltero;Universidad;5;Barrio Obrero
1002;Kevin Alejandro Castro Gonzalez;0;Desempleado;15;M;Soltero;Secundaria;1;Barrio 19 de Julio
1248;Paula Alejandro Hernandez Martinez;12000;Trabajador doméstico;76;F;Casado;Primaria;4;Barrio Arnoldo Alemán
1459;Marta Alejandro Flores Ruiz;0;Desempleado;17;F;Soltero;Secundaria;1;Altamira del Este
1251;Valeria Alejandro Martinez Castro;13000;Conductor de taxi;32;F;Casado;Primaria;5;Baká
1310;Fernanda Alejandro Lopez Lopez;10000;Vendedor;50;F;Casado;Técnico;1;Barrio La Cruz
1043;Luis Alejandro Castro Castro;18000;Carpintero;35;M;Soltero;Secundaria;5;Monimbó
1213;Paula Alejandro Gonzalez Perez;0;Desempleado;13;F;Soltero;Secundaria;1;Barrio Medardo Andino
1365;Carlos Alejandro Hernandez Perez;0;Desempleado;18;M;Soltero;Técnico;1;Barrio Los Pinos
1009;Miguel Alejandro Flores Torres;16000;Médico general;63;M;Casado;Universidad;5;Barrio Arnoldo Alemán
1021;Juan Alejandro Torres Torres;9500;Técnico Agropecuario;26;M;Soltero;Técnico;3;Sol de libertad
1026;Jose Alejandro Hernandez Mendoza;0;Desempleado;2;M;Soltero;Preescolar;1;19 de Julio
1235;Marta Alejandro Gonzalez Ruiz;0;Desempleado;29;F;Soltero;Primaria;3;Barrio Obrero
1282;Juan Alejandro Martinez Torres;12000;Trabajador doméstico;33;M;Soltero;Primaria;5;Urbanización San Miguel
1115;Miguel Alejandro Lopez Ruiz;0;Desempleado;33;M;Soltero;Preescolar;3;19 de Julio
1305;Lucia Alejandro Hernandez Gonzalez;0;Desempleado;47;F;Soltero;Primaria;1;Monimbó
1397;Miguel Alejandro Flores Perez;0;Desempleado;10;M;Soltero;Primaria;1;Monimbó
1412;Daniel Alejandro Ruiz Perez;0;Desempleado;24;M;Soltero;Primaria;3;Barrio El Calvario
1340;Ana Alejandro Martinez Martinez;10500;Cajero;60;F;Casado;Técnico;1;Barrio Arnoldo Alemán
1347;Mario Alejandro Lopez Perez;0;Desempleado;18;M;Soltero;Técnico;1;San Ramón
1074;Andres Alejandro Hernandez Mendoza;17000;Albañil;78;M;Casado;Secundaria;5;Baká
1153;Maria Alejandro Ruiz Flores;13000;Conductor de taxi;73;F;Soltero;Primaria;5;Urbanización San Miguel
1397;Camila Alejandro Castro Castro;0;Desempleado;34;F;Soltero;Preescolar;1;Monimbó
1397;Valeria Alejandro Castro Martinez;0;Desempleado;28;F;Soltero;Preescolar;1;Monimbó
1258;Lucia Alejandro Gonzalez Perez;14000;Mesero;61;F;Casado;Primaria;5;19 de Julio
1484;Marta Alejandro Hernandez Lopez;0;Desempleado;79;F;Casado;Primaria;5;El Calavario
1319;Daniel Alejandro Martinez Castro;12500;Repartidor;16;M;Soltero;Secundaria;1;San Judas
1384;Valeria Alejandro Martinez Flores;9500;Técnico Agropecuario;17;F;Soltero;Técnico;3;Altamira del Este
1139;Kevin Alejandro Flores Perez;0;Desempleado;29;M;Soltero;Preescolar;3;Barrio Obrero
1082;Kevin Alejandro Perez Martinez;19000;Electricista;23;M;Soltero;Secundaria;5;Barrio Guadalupe
1181;Juan Alejandro Flores Mendoza;12500;Repartidor;66;M;Soltero;Primaria;3;19 de Julio
1072;Ana Alejandro Hernandez Mendoza;15000;Maestro;26;F;Soltero;Universidad;5;Colina del Verbo
1107;Maria Alejandro Mendoza Torres;0;Desempleado;17;F;Soltero;Secundaria;1;Barrio Guadalupe
1332;Juan Alejandro Gonzalez Hernandez;18000;Carpintero;46;M;Soltero;Secundaria;5;San Ramón
1230;Ana Alejandro Hernandez Lopez;11000;Comerciante Informal;51;F;Soltero;Preescolar;1;Barrio 19 de Julio
1297;Marta Alejandro Gonzalez Perez;12500;Repartidor;24;F;Soltero;Primaria;3;María Auxiliadora
1261;Kevin Alejandro Martinez Martinez;10000;Vendedor;37;M;Soltero;Técnico;1;Altamira del Este
1351;Mario Alejandro Torres Torres;0;Desempleado;39;M;Soltero;Primaria;1;El Calavario
1140;Sofia Alejandro Lopez Gonzalez;17000;Albañil;56;F;Casado;Secundaria;5;Barrio El Rosario
1384;Pedro Alejandro Martinez Perez;9000;Obrero;52;M;Soltero;Primaria;3;Altamira del Este
1256;Daniel Alejandro Castro Hernandez;0;Desempleado;11;M;Soltero;Primaria;3;Colina del Verbo
1315;Miguel Alejandro Ruiz Lopez;11000;Comerciante Informal;22;M;Casado;Técnico;1;Monimbó
1357;Jose Alejandro Gonzalez Hernandez;0;Desempleado;43;M;Soltero;Preescolar;1;Urbanización San Miguel
1140;Luis Alejandro Torres Torres;11000;Comerciante Informal;37;M;Soltero;Primaria;5;Barrio El Rosario
1092;Daniel Alejandro Flores Martinez;0;Desempleado;41;M;Casado;Primaria;2;Barrio Arnoldo Alemán
1332;Kevin Alejandro Flores Flores;18000;Carpintero;47;M;Casado;Secundaria;5;San Ramón
1386;Daniel Alejandro Mendoza Mendoza;21000;Costur`ero;34;M;Casado;Primaria;4;María Auxiliadora
1158;Paula Alejandro Mendoza Lopez;0;Desempleado;30;F;Soltero;Primaria;3;María Auxiliadora
1458;Carlos Alejandro Ruiz Hernandez;9000;Obrero;71;M;Casado;Primaria;1;Altamira del Este
1454;Kevin Alejandro Perez Ruiz;11500;Dependiente de tienda;43;M;Casado;Técnico;1;María Auxiliadora
1146;Mario Alejandro Castro Castro;10500;Cajero;73;M;Soltero;Técnico;1;Barrio Obrero
1343;Daniel Alejandro Lopez Mendoza;0;Desempleado;46;M;Casado;Primaria;3;Urbanización San Miguel
1197;Elena Alejandro Mendoza Martinez;0;Desempleado;73;F;Casado;Preescolar;1;Urbanización San Miguel
1420;Daniel Alejandro Torres Torres;0;Desempleado;8;M;Soltero;Primaria;1;María Auxiliadora
1031;Lucia Alejandro Gonzalez Hernandez;14000;Mesero;43;F;Soltero;Preescolar;1;Barrio La Cruz
1268;Miguel Alejandro Hernandez Martinez;13500;Barbero;79;M;Casado;Primaria;3;Altamira del Este
1086;Carlos Alejandro Mendoza Martinez;0;Desempleado;7;M;Soltero;Primaria;1;Barrio Guadalupe
1464;Ana Alejandro Lopez Mendoza;17000;Albañil;43;F;Soltero;Secundaria;5;Barrio Obrero
1334;Mario Alejandro Perez Ruiz;9000;Obrero;40;M;Casado;Preescolar;2;Barrio 19 de Julio
1092;Juan Alejandro Hernandez Perez;0;Desempleado;3;M;Soltero;Preescolar;1;Barrio Arnoldo Alemán
1342;Marta Alejandro Gonzalez Castro;0;Desempleado;3;F;Soltero;Preescolar;3;Monimbó
1383;Mario Alejandro Torres Ruiz;0;Desempleado;15;M;Soltero;Secundaria;1;Colina del Verbo
1289;Mario Alejandro Ruiz Ruiz;10500;Cajero;43;M;Soltero;Técnico;1;Colina del Verbo
1416;Juan Alejandro Lopez Lopez;0;Desempleado;55;M;Soltero;Primaria;5;San Ramón
1070;Ana Alejandro Mendoza Castro;0;Desempleado;40;F;Soltero;Preescolar;1;Barrio Los Pinos
1145;Elena Alejandro Mendoza Flores;10500;Cajero;79;F;Casado;Técnico;1;San Judas
1482;Lucia Alejandro Martinez Hernandez;14000;Mesero;65;F;Casado;Preescolar;2;Barrio Los Pinos
1432;Marta Alejandro Ruiz Ruiz;16000;Médico general;77;F;Casado;Universidad;5;Monimbó
1073;Pedro Alejandro Hernandez Lopez;0;Desempleado;5;M;Soltero;Preescolar;1;19 de Julio
1288;Kevin Alejandro Perez Perez;11000;Comerciante Informal;28;M;Soltero;Primaria;2;Barrio El Calvario
1386;Valeria Alejandro Flores Torres;9500;Técnico Agropecuario;60;F;Casado;Técnico;3;María Auxiliadora
1087;Ana Alejandro Lopez Castro;13500;Barbero;17;F;Soltero;Secundaria;1;Barrio Los Pinos
1056;Jose Alejandro Gonzalez Torres;0;Desempleado;44;M;Casado;Primaria;5;19 de Julio
1042;Miguel Alejandro Martinez Gonzalez;14500;Cocinero;62;M;Casado;Primaria;2;Colina del Verbo
1051;Jose Alejandro Flores Martinez;14500;Cocinero;52;M;Soltero;Primaria;4;Barrio Obrero
1427;Carlos Alejandro Gonzalez Torres;0;Desempleado;8;M;Soltero;Primaria;4;San Ramón
1279;Carlos Alejandro Martinez Hernandez;0;Desempleado;53;M;Casado;Preescolar;3;El Calavario
1431;Valeria Alejandro Torres Castro;0;Desempleado;62;F;Casado;Preescolar;1;Barrio El Rosario
1364;Daniel Alejandro Flores Torres;0;Desempleado;7;M;Soltero;Primaria;2;El Calavario
1205;Valeria Alejandro Lopez Perez;0;Desempleado;46;F;Soltero;Preescolar;2;María Auxiliadora
1113;Jose Alejandro Castro Hernandez;13000;Conductor de taxi;78;M;Casado;Primaria;3;Monimbó
1483;Elena Alejandro Perez Gonzalez;14000;Mesero;21;F;Soltero;Técnico;1;Barrio Guadalupe
1450;Juan Alejandro Gonzalez Ruiz;14000;Mesero;17;M;Soltero;Secundaria;1;Monimbó
1039;Paula Alejandro Perez Lopez;0;Desempleado;53;F;Soltero;Preescolar;2;Sol de libertad
1031;Fernanda Alejandro Hernandez Martinez;17000;Albañil;30;F;Soltero;Secundaria;5;Barrio La Cruz
1437;Kevin Alejandro Castro Martinez;0;Desempleado;64;M;Casado;Primaria;3;Barrio Guadalupe
1030;Pedro Alejandro Mendoza Torres;10000;Vendedor;32;M;Soltero;Técnico;1;Barrio La Cruz
1118;Pedro Alejandro Martinez Flores;10000;Vendedor;51;M;Soltero;Técnico;1;Barrio Medardo Andino
1313;Mario Alejandro Mendoza Gonzalez;0;Desempleado;8;M;Soltero;Primaria;1;Altamira del Este
1129;Mario Alejandro Castro Hernandez;0;Desempleado;2;M;Soltero;Preescolar;1;Barrio Medardo Andino
1397;Valeria Alejandro Ruiz Flores;13500;Barbero;53;F;Soltero;Preescolar;2;Monimbó
1317;Luis Alejandro Hernandez Perez;0;Desempleado;46;M;Soltero;Preescolar;1;Altamira del Este
1279;Mario Alejandro Lopez Flores;12000;Trabajador doméstico;50;M;Soltero;Primaria;1;El Calavario
1330;Camila Alejandro Martinez Ruiz;0;Desempleado;60;F;Soltero;Primaria;1;San Judas
1416;Elena Alejandro Flores Gonzalez;15000;Maestro;38;F;Soltero;Universidad;5;San Ramón
1188;Maria Alejandro Gonzalez Perez;11500;Dependiente de tienda;41;F;Casado;Técnico;1;San Judas
1085;Carlos Alejandro Perez Martinez;10500;Cajero;48;M;Casado;Técnico;1;Baká
1345;Jose Alejandro Lopez Castro;14000;Mesero;23;M;Soltero;Primaria;1;Altamira del Este
1130;Miguel Alejandro Gonzalez Perez;11000;Comerciante Informal;41;M;Soltero;Preescolar;2;Barrio Obrero
1387;Sofia Alejandro Flores Lopez;0;Desempleado;71;F;Soltero;Primaria;4;Barrio 19 de Julio
1172;Daniel Alejandro Martinez Lopez;0;Desempleado;14;M;Soltero;Secundaria;1;San Judas
1025;Sofia Alejandro Mendoza Torres;11500;Dependiente de tienda;51;F;Casado;Técnico;1;Barrio Los Pinos
1118;Lucia Alejandro Mendoza Gonzalez;8500;Campesino;52;F;Soltero;Primaria;3;Barrio Medardo Andino
1106;Miguel Alejandro Torres Perez;21000;Costur`ero;49;M;Soltero;Primaria;1;Colina del Verbo
1222;Paula Alejandro Torres Hernandez;18000;Carpintero;76;F;Casado;Secundaria;5;19 de Julio
1216;Jose Alejandro Flores Hernandez;9000;Obrero;30;M;Soltero;Preescolar;3;San Ramón
1017;Mario Alejandro Perez Torres;0;Desempleado;69;M;Casado;Primaria;5;19 de Julio
1462;Juan Alejandro Lopez Torres;0;Desempleado;5;M;Soltero;Preescolar;1;San Ramón
1108;Andres Alejandro Torres Perez;0;Desempleado;18;M;Casado;Técnico;1;San Ramón
1352;Maria Alejandro Martinez Mendoza;16000;Médico general;57;F;Soltero;Universidad;5;Barrio Arnoldo Alemán
1139;Elena Alejandro Flores Flores;0;Desempleado;80;F;Casado;Primaria;5;Barrio Obrero
1244;Andres Alejandro Flores Ruiz;10000;Vendedor;59;M;Casado;Técnico;1;Monimbó
1073;Valeria Alejandro Mendoza Martinez;17000;Albañil;68;F;Casado;Secundaria;5;19 de Julio
1365;Miguel Alejandro Gonzalez Lopez;13000;Conductor de taxi;18;M;Soltero;Técnico;1;Barrio Los Pinos
1126;Paula Alejandro Gonzalez Lopez;0;Desempleado;5;F;Soltero;Preescolar;1;19 de Julio
1098;Andres Alejandro Lopez Lopez;0;Desempleado;11;M;Soltero;Primaria;5;Monimbó
1253;Lucia Alejandro Lopez Gonzalez;0;Desempleado;1;F;Soltero;Preescolar;1;Baká
1498;Marta Alejandro Perez Castro;14000;Mesero;57;F;Casado;Primaria;5;Barrio El Calvario
1484;Juan Alejandro Flores Torres;0;Desempleado;4;M;Soltero;Preescolar;1;El Calavario
1040;Juan Alejandro Castro Hernandez;15500;Enfermero;60;M;Soltero;Universidad;5;Barrio Arnoldo Alemán
1250;Carlos Alejandro Martinez Gonzalez;0;Desempleado;10;M;Soltero;Primaria;1;María Auxiliadora
1435;Miguel Alejandro Torres Hernandez;0;Desempleado;18;M;Casado;Técnico;1;Barrio 19 de Julio
1166;Valeria Alejandro Lopez Flores;14000;Mesero;80;F;Casado;Preescolar;3;Sol de libertad
1060;Kevin Alejandro Martinez Mendoza;0;Desempleado;74;M;Casado;Preescolar;3;Barrio El Calvario
1018;Miguel Alejandro Gonzalez Gonzalez;0;Desempleado;61;M;Casado;Preescolar;1;El Calavario
1121;Daniel Alejandro Perez Ruiz;0;Desempleado;1;M;Soltero;Preescolar;1;Barrio La Cruz
1390;Camila Alejandro Flores Gonzalez;9500;Técnico Agropecuario;19;F;Casado;Técnico;3;Barrio La Cruz
1093;Maria Alejandro Castro Martinez;10500;Cajero;30;F;Casado;Técnico;1;Barrio Guadalupe
1417;Miguel Alejandro Ruiz Ruiz;0;Desempleado;36;M;Soltero;Primaria;2;Barrio Guadalupe
1433;Sofia Alejandro Castro Castro;12500;Repartidor;72;F;Casado;Primaria;2;Barrio Guadalupe
1163;Mario Alejandro Gonzalez Hernandez;0;Desempleado;68;M;Soltero;Preescolar;2;19 de Julio
1344;Maria Alejandro Martinez Perez;12000;Trabajador doméstico;42;F;Soltero;Primaria;4;Barrio El Rosario
1191;Elena Alejandro Lopez Martinez;0;Desempleado;4;F;Soltero;Preescolar;1;Barrio Guadalupe
1054;Mario Alejandro Castro Torres;14000;Mesero;74;M;Soltero;Preescolar;2;Barrio Obrero
1272;Maria Alejandro Hernandez Hernandez;0;Desempleado;3;F;Soltero;Preescolar;1;Barrio Los Pinos
1158;Luis Alejandro Ruiz Flores;14000;Mesero;20;M;Soltero;Técnico;1;María Auxiliadora
1440;Camila Alejandro Lopez Flores;10000;Vendedor;65;F;Casado;Técnico;1;Baká
1313;Daniel Alejandro Mendoza Martinez;11500;Dependiente de tienda;18;M;Soltero;Técnico;1;Altamira del Este
1081;Jose Alejandro Hernandez Castro;11500;Dependiente de tienda;78;M;Casado;Técnico;1;San Ramón
1104;Mario Alejandro Mendoza Perez;8500;Campesino;57;M;Casado;Primaria;3;Barrio La Cruz
1254;Jose Alejandro Hernandez Torres;0;Desempleado;55;M;Soltero;Preescolar;2;Barrio Guadalupe
1377;Camila Alejandro Castro Lopez;0;Desempleado;41;F;Casado;Primaria;4;Colina del Verbo
1104;Elena Alejandro Castro Ruiz;11500;Dependiente de tienda;38;F;Casado;Técnico;1;Barrio La Cruz
1117;Maria Alejandro Flores Castro;0;Desempleado;32;F;Soltero;Preescolar;2;Barrio Arnoldo Alemán
1458;Daniel Alejandro Hernandez Perez;14500;Cocinero;27;M;Soltero;Preescolar;2;Altamira del Este
1053;Carlos Alejandro Flores Gonzalez;15500;Enfermero;44;M;Soltero;Universidad;5;San Judas
1385;Andres Alejandro Gonzalez Torres;14500;Cocinero;25;M;Soltero;Preescolar;1;Monimbó
1116;Luis Alejandro Lopez Ruiz;0;Desempleado;43;M;Soltero;Primaria;1;Altamira del Este
1133;Ana Alejandro Castro Mendoza;0;Desempleado;4;F;Soltero;Preescolar;1;Colina del Verbo
1400;Miguel Alejandro Hernandez Torres;13500;Barbero;22;M;Soltero;Técnico;1;Barrio Guadalupe
1051;Carlos Alejandro Lopez Castro;8500;Campesino;73;M;Casado;Primaria;1;Barrio Obrero
1334;Juan Alejandro Flores Martinez;0;Desempleado;8;M;Soltero;Primaria;5;Barrio 19 de Julio
1252;Sofia Alejandro Hernandez Gonzalez;12500;Repartidor;46;F;Casado;Primaria;2;Barrio Arnoldo Alemán
1044;Pedro Alejandro Flores Martinez;0;Desempleado;1;M;Soltero;Preescolar;2;Barrio El Calvario
1434;Kevin Alejandro Torres Torres;0;Desempleado;39;M;Soltero;Primaria;5;El Calavario
1243;Camila Alejandro Mendoza Torres;0;Desempleado;49;F;Casado;Primaria;5;María Auxiliadora
1331;Lucia Alejandro Flores Torres;11000;Comerciante Informal;62;F;Casado;Preescolar;3;Barrio El Calvario
1408;Lucia Alejandro Gonzalez Torres;0;Desempleado;2;F;Soltero;Preescolar;1;Barrio Arnoldo Alemán
1485;Ana Alejandro Castro Mendoza;0;Desempleado;17;F;Soltero;Secundaria;1;Baká
1216;Maria Alejandro Hernandez Ruiz;9000;Obrero;49;F;Soltero;Primaria;2;San Ramón
1384;Daniel Alejandro Flores Perez;17000;Albañil;73;M;Casado;Secundaria;5;Altamira del Este
1305;Maria Alejandro Ruiz Lopez;0;Desempleado;10;F;Soltero;Primaria;1;Monimbó
1334;Sofia Alejandro Lopez Hernandez;0;Desempleado;12;F;Soltero;Primaria;3;Barrio 19 de Julio
1348;Marta Alejandro Gonzalez Castro;0;Desempleado;12;F;Soltero;Primaria;3;San Judas
1019;Sofia Alejandro Castro Torres;12000;Trabajador doméstico;26;F;Casado;Primaria;5;Barrio 19 de Julio
1345;Mario Alejandro Mendoza Mendoza;11000;Comerciante Informal;65;M;Soltero;Primaria;3;Altamira del Este
1384;Lucia Alejandro Ruiz Hernandez;11000;Comerciante Informal;26;F;Soltero;Primaria;1;Altamira del Este
1120;Kevin Alejandro Martinez Castro;0;Desempleado;21;M;Soltero;Técnico;1;Barrio Guadalupe
1179;Fernanda Alejandro Martinez Castro;21000;Costur`ero;21;F;Soltero;Técnico;1;Barrio Obrero
1117;Lucia Alejandro Martinez Martinez;0;Desempleado;51;F;Casado;Preescolar;3;Barrio Arnoldo Alemán
1184;Luis Alejandro Perez Martinez;0;Desempleado;26;M;Soltero;Preescolar;3;Barrio Obrero
1360;Paula Alejandro Flores Castro;9500;Técnico Agropecuario;46;F;Casado;Técnico;3;Urbanización San Miguel
1171;Juan Alejandro Ruiz Perez;16000;Médico general;79;M;Casado;Universidad;5;Barrio La Cruz
1474;Marta Alejandro Lopez Torres;15000;Maestro;27;F;Soltero;Universidad;5;El Calavario
1401;Fernanda Alejandro Martinez Flores;0;Desempleado;15;F;Soltero;Secundaria;1;María Auxiliadora
1178;Marta Alejandro Torres Perez;11500;Dependiente de tienda;42;F;Soltero;Técnico;1;San Ramón
1228;Jose Alejandro Hernandez Castro;0;Desempleado;31;M;Casado;Primaria;1;Barrio Arnoldo Alemán
1310;Sofia Alejandro Flores Lopez;14500;Cocinero;23;F;Soltero;Preescolar;3;Barrio La Cruz
1289;Ana Alejandro Hernandez Gonzalez;11500;Dependiente de tienda;56;F;Casado;Técnico;1;Colina del Verbo
1158;Lucia Alejandro Martinez Hernandez;9500;Técnico Agropecuario;39;F;Soltero;Técnico;3;María Auxiliadora
1259;Luis Alejandro Gonzalez Torres;0;Desempleado;57;M;Soltero;Primaria;1;Barrio La Cruz
1089;Camila Alejandro Perez Gonzalez;17000;Albañil;80;F;Casado;Secundaria;5;Barrio 19 de Julio
1307;Juan Alejandro Mendoza Mendoza;9500;Técnico Agropecuario;68;M;Soltero;Técnico;3;Barrio 19 de Julio
1216;Lucia Alejandro Castro Ruiz;0;Desempleado;66;F;Casado;Primaria;3;San Ramón
1122;Elena Alejandro Ruiz Castro;0;Desempleado;43;F;Casado;Primaria;2;El Calavario
1317;Maria Alejandro Torres Lopez;9000;Obrero;71;F;Casado;Preescolar;3;Altamira del Este
1443;Marta Alejandro Lopez Torres;0;Desempleado;48;F;Soltero;Primaria;1;San Judas
1049;Jose Alejandro Hernandez Hernandez;19000;Electricista;24;M;Soltero;Secundaria;5;Barrio El Rosario
1152;Carlos Alejandro Perez Martinez;0;Desempleado;77;M;Casado;Primaria;5;Monimbó
1299;Jose Alejandro Castro Ruiz;10000;Vendedor;26;M;Casado;Técnico;1;Sol de libertad
1468;Mario Alejandro Martinez Martinez;21000;Costur`ero;39;M;Soltero;Preescolar;1;Barrio 19 de Julio
1017;Marta Alejandro Castro Martinez;0;Desempleado;2;F;Soltero;Preescolar;1;19 de Julio
1066;Lucia Alejandro Flores Castro;14500;Cocinero;19;F;Soltero;Técnico;1;San Judas
1309;Carlos Alejandro Flores Torres;8500;Campesino;41;M;Soltero;Primaria;1;San Ramón
1112;Mario Alejandro Perez Lopez;11500;Dependiente de tienda;54;M;Casado;Técnico;1;San Ramón
1436;Luis Alejandro Hernandez Flores;0;Desempleado;17;M;Soltero;Secundaria;1;Barrio La Cruz
1008;Miguel Alejandro Perez Flores;11500;Dependiente de tienda;18;M;Soltero;Técnico;1;Barrio Arnoldo Alemán
1500;Luis Alejandro Gonzalez Mendoza;14500;Cocinero;51;M;Soltero;Primaria;4;Baká
1224;Fernanda Alejandro Ruiz Hernandez;0;Desempleado;4;F;Soltero;Preescolar;2;Barrio El Calvario
1177;Jose Alejandro Mendoza Mendoza;0;Desempleado;9;M;Soltero;Primaria;3;Urbanización San Miguel
1465;Paula Alejandro Mendoza Martinez;0;Desempleado;6;F;Soltero;Primaria;1;19 de Julio
1169;Pedro Alejandro Castro Hernandez;13000;Conductor de taxi;33;M;Soltero;Primaria;2;Barrio Medardo Andino
1263;Sofia Alejandro Lopez Gonzalez;9500;Técnico Agropecuario;64;F;Casado;Técnico;3;Barrio El Calvario
1119;Pedro Alejandro Lopez Flores;0;Desempleado;11;M;Soltero;Primaria;1;María Auxiliadora
1403;Miguel Alejandro Martinez Mendoza;0;Desempleado;11;M;Soltero;Primaria;2;Barrio Obrero
1381;Valeria Alejandro Ruiz Torres;14000;Mesero;35;F;Soltero;Preescolar;3;Colina del Verbo
1320;Ana Alejandro Mendoza Gonzalez;19000;Electricista;55;F;Soltero;Secundaria;5;Altamira del Este
1150;Camila Alejandro Perez Castro;8500;Campesino;26;F;Soltero;Preescolar;1;Barrio 19 de Julio
1465;Carlos Alejandro Perez Ruiz;21000;Costur`ero;63;M;Soltero;Preescolar;3;19 de Julio
1469;Mario Alejandro Flores Martinez;9500;Técnico Agropecuario;44;M;Soltero;Técnico;3;Barrio El Rosario
1288;Paula Alejandro Martinez Martinez;11500;Dependiente de tienda;51;F;Soltero;Técnico;1;Barrio El Calvario
1175;Carlos Alejandro Gonzalez Flores;21000;Costur`ero;60;M;Casado;Primaria;3;Sol de libertad
1370;Elena Alejandro Lopez Castro;19000;Electricista;59;F;Soltero;Secundaria;5;Barrio La Cruz
1321;Andres Alejandro Hernandez Lopez;0;Desempleado;8;M;Soltero;Primaria;1;Sol de libertad
1318;Daniel Alejandro Martinez Martinez;16000;Médico general;26;M;Soltero;Universidad;5;El Calavario
1496;Juan Alejandro Mendoza Lopez;0;Desempleado;76;M;Casado;Preescolar;2;Barrio Obrero
1379;Daniel Alejandro Perez Torres;14500;Cocinero;70;M;Casado;Primaria;1;María Auxiliadora
1148;Lucia Alejandro Lopez Martinez;16000;Médico general;72;F;Soltero;Universidad;5;Barrio Guadalupe
1397;Camila Alejandro Torres Castro;14500;Cocinero;54;F;Soltero;Preescolar;1;Monimbó
1301;Andres Alejandro Hernandez Torres;19000;Electricista;45;M;Casado;Secundaria;5;Barrio Los Pinos
1023;Maria Alejandro Castro Ruiz;12000;Trabajador doméstico;47;F;Soltero;Preescolar;1;Baká
1096;Camila Alejandro Martinez Castro;12500;Repartidor;50;F;Soltero;Primaria;2;Barrio Obrero
1302;Andres Alejandro Flores Martinez;0;Desempleado;61;M;Casado;Preescolar;2;Barrio Obrero
1498;Lucia Alejandro Ruiz Gonzalez;0;Desempleado;6;F;Soltero;Primaria;3;Barrio El Calvario
1422;Fernanda Alejandro Flores Martinez;0;Desempleado;2;F;Soltero;Preescolar;2;Barrio El Calvario
1109;Lucia Alejandro Flores Perez;13500;Barbero;57;F;Casado;Preescolar;3;Sol de libertad
1380;Kevin Alejandro Mendoza Flores;0;Desempleado;28;M;Soltero;Preescolar;3;Urbanización San Miguel
1381;Camila Alejandro Flores Castro;21000;Costur`ero;50;F;Soltero;Primaria;4;Colina del Verbo
1230;Kevin Alejandro Ruiz Castro;0;Desempleado;6;M;Soltero;Primaria;1;Barrio 19 de Julio
1315;Elena Alejandro Castro Mendoza;0;Desempleado;1;F;Soltero;Preescolar;1;Monimbó
1419;Carlos Alejandro Flores Hernandez;15000;Maestro;69;M;Casado;Universidad;5;María Auxiliadora
1304;Paula Alejandro Hernandez Castro;18000;Carpintero;14;F;Soltero;Secundaria;5;Urbanización San Miguel
1135;Valeria Alejandro Lopez Martinez;8500;Campesino;54;F;Soltero;Primaria;3;Monimbó
1121;Juan Alejandro Flores Ruiz;0;Desempleado;10;M;Soltero;Primaria;2;Barrio La Cruz
1226;Camila Alejandro Mendoza Gonzalez;21000;Costur`ero;32;F;Casado;Primaria;1;Altamira del Este
1364;Pedro Alejandro Mendoza Martinez;14000;Mesero;77;M;Casado;Primaria;2;El Calavario
1410;Jose Alejandro Mendoza Gonzalez;0;Desempleado;4;M;Soltero;Preescolar;1;María Auxiliadora
1212;Pedro Alejandro Castro Gonzalez;13500;Barbero;79;M;Casado;Primaria;2;Barrio La Cruz
1013;Lucia Alejandro Mendoza Perez;12500;Repartidor;41;F;Soltero;Primaria;3;Altamira del Este
1057;Luis Alejandro Ruiz Gonzalez;11500;Dependiente de tienda;21;M;Soltero;Técnico;1;María Auxiliadora
1439;Marta Alejandro Lopez Hernandez;0;Desempleado;13;F;Soltero;Secundaria;1;Barrio La Cruz
1446;Pedro Alejandro Martinez Flores;10500;Cajero;74;M;Casado;Técnico;1;El Calavario
1072;Maria Alejandro Lopez Flores;15000;Maestro;67;F;Casado;Universidad;5;Colina del Verbo
1485;Kevin Alejandro Mendoza Lopez;12000;Trabajador doméstico;71;M;Casado;Primaria;2;Baká
1106;Lucia Alejandro Gonzalez Castro;13000;Conductor de taxi;63;F;Casado;Primaria;3;Colina del Verbo
1084;Pedro Alejandro Gonzalez Flores;10000;Vendedor;47;M;Casado;Técnico;1;El Calavario
1328;Sofia Alejandro Martinez Mendoza;14500;Cocinero;70;F;Casado;Primaria;5;Barrio La Cruz
1401;Jose Alejandro Castro Martinez;11500;Dependiente de tienda;24;M;Soltero;Técnico;1;María Auxiliadora
1171;Elena Alejandro Martinez Hernandez;11000;Comerciante Informal;64;F;Casado;Preescolar;3;Barrio La Cruz
1213;Marta Alejandro Martinez Castro;13500;Barbero;18;F;Soltero;Técnico;1;Barrio Medardo Andino
1113;Carlos Alejandro Castro Martinez;0;Desempleado;34;M;Soltero;Preescolar;1;Monimbó
1031;Juan Alejandro Mendoza Martinez;0;Desempleado;11;M;Soltero;Primaria;5;Barrio La Cruz
1261;Marta Alejandro Flores Torres;21000;Costur`ero;24;F;Soltero;Primaria;3;Altamira del Este
1384;Sofia Alejandro Mendoza Torres;0;Desempleado;42;F;Soltero;Preescolar;2;Altamira del Este
1149;Kevin Alejandro Castro Hernandez;14000;Mesero;76;M;Casado;Primaria;1;San Judas
1041;Sofia Alejandro Torres Lopez;0;Desempleado;12;F;Soltero;Primaria;5;Barrio Guadalupe
1404;Lucia Alejandro Castro Ruiz;0;Desempleado;1;F;Soltero;Preescolar;2;Baká
1430;Lucia Alejandro Hernandez Hernandez;0;Desempleado;23;F;Soltero;Preescolar;2;Barrio 19 de Julio
1090;Luis Alejandro Mendoza Castro;8500;Campesino;49;M;Soltero;Preescolar;1;19 de Julio
1214;Daniel Alejandro Torres Perez;9000;Obrero;14;M;Soltero;Secundaria;1;Colina del Verbo
1328;Juan Alejandro Hernandez Gonzalez;12500;Repartidor;18;M;Soltero;Técnico;1;Barrio La Cruz
1026;Carlos Alejandro Mendoza Perez;0;Desempleado;8;M;Soltero;Primaria;1;19 de Julio
1421;Lucia Alejandro Perez Perez;15000;Maestro;41;F;Soltero;Universidad;5;El Calavario
1317;Kevin Alejandro Ruiz Lopez;13500;Barbero;64;M;Casado;Preescolar;2;Altamira del Este
1225;Andres Alejandro Castro Martinez;0;Desempleado;8;M;Soltero;Primaria;1;Monimbó
1066;Paula Alejandro Ruiz Lopez;0;Desempleado;47;F;Soltero;Primaria;3;San Judas
1289;Pedro Alejandro Hernandez Ruiz;0;Desempleado;55;M;Soltero;Preescolar;1;Colina del Verbo
1059;Valeria Alejandro Mendoza Lopez;0;Desempleado;5;F;Soltero;Preescolar;1;Monimbó
1031;Fernanda Alejandro Mendoza Lopez;17000;Albañil;56;F;Soltero;Secundaria;5;Barrio La Cruz
1363;Valeria Alejandro Gonzalez Castro;10500;Cajero;48;F;Casado;Técnico;1;Barrio La Cruz
1177;Ana Alejandro Perez Ruiz;10500;Cajero;44;F;Casado;Técnico;1;Urbanización San Miguel
1069;Daniel Alejandro Mendoza Perez;0;Desempleado;12;M;Soltero;Primaria;4;Barrio 19 de Julio
1168;Andres Alejandro Mendoza Lopez;0;Desempleado;1;M;Soltero;Preescolar;1;San Judas
1465;Luis Alejandro Martinez Ruiz;13500;Barbero;72;M;Casado;Primaria;1;19 de Julio
1483;Elena Alejandro Martinez Gonzalez;12000;Trabajador doméstico;50;F;Casado;Primaria;2;Barrio Guadalupe
1183;Maria Alejandro Lopez Castro;21000;Costur`ero;52;F;Soltero;Primaria;2;Barrio Obrero
1204;Kevin Alejandro Castro Martinez;0;Desempleado;20;M;Soltero;Técnico;1;Barrio Arnoldo Alemán
1004;Ana Alejandro Flores Gonzalez;12500;Repartidor;22;F;Casado;Técnico;1;Barrio Medardo Andino
1141;Daniel Alejandro Perez Castro;11000;Comerciante Informal;29;M;Soltero;Preescolar;3;El Calavario
1062;Andres Alejandro Torres Lopez;0;Desempleado;63;M;Casado;Preescolar;1;Colina del Verbo
1436;Camila Alejandro Flores Torres;0;Desempleado;72;F;Casado;Preescolar;2;Barrio La Cruz
1218;Luis Alejandro Hernandez Castro;0;Desempleado;2;M;Soltero;Preescolar;1;Barrio Los Pinos
1136;Elena Alejandro Lopez Martinez;9000;Obrero;62;F;Casado;Preescolar;1;Barrio El Rosario
1223;Luis Alejandro Mendoza Mendoza;0;Desempleado;43;M;Soltero;Preescolar;2;Altamira del Este
1477;Marta Alejandro Ruiz Gonzalez;0;Desempleado;62;F;Casado;Preescolar;1;El Calavario
1112;Elena Alejandro Mendoza Torres;0;Desempleado;5;F;Soltero;Preescolar;1;San Ramón
1359;Juan Alejandro Castro Lopez;13000;Conductor de taxi;33;M;Casado;Primaria;4;Barrio La Cruz
1153;Fernanda Alejandro Hernandez Ruiz;13000;Conductor de taxi;74;F;Casado;Preescolar;3;Urbanización San Miguel
1372;Pedro Alejandro Torres Martinez;10500;Cajero;27;M;Soltero;Técnico;1;Monimbó
1011;Lucia Alejandro Gonzalez Lopez;10000;Vendedor;52;F;Casado;Técnico;1;Colina del Verbo
1097;Camila Alejandro Lopez Martinez;0;Desempleado;71;F;Casado;Preescolar;1;Barrio Los Pinos
1340;Lucia Alejandro Flores Gonzalez;14000;Mesero;45;F;Soltero;Primaria;5;Barrio Arnoldo Alemán
1439;Luis Alejandro Perez Flores;0;Desempleado;53;M;Casado;Preescolar;2;Barrio La Cruz
1413;Miguel Alejandro Castro Perez;9500;Técnico Agropecuario;38;M;Soltero;Técnico;3;Barrio Medardo Andino
1376;Andres Alejandro Mendoza Mendoza;19000;Electricista;18;M;Casado;Secundaria;5;Barrio Arnoldo Alemán
1317;Marta Alejandro Mendoza Lopez;0;Desempleado;5;F;Soltero;Preescolar;1;Altamira del Este
1410;Lucia Alejandro Mendoza Castro;14000;Mesero;60;F;Casado;Primaria;1;María Auxiliadora
1375;Jose Alejandro Flores Martinez;10000;Vendedor;45;M;Casado;Técnico;1;Barrio Obrero
1250;Elena Alejandro Mendoza Flores;12500;Repartidor;17;F;Soltero;Secundaria;1;María Auxiliadora
1302;Elena Alejandro Flores Mendoza;10500;Cajero;40;F;Soltero;Técnico;1;Barrio Obrero
1224;Miguel Alejandro Castro Perez;0;Desempleado;30;M;Soltero;Primaria;4;Barrio El Calvario
1137;Paula Alejandro Perez Ruiz;0;Desempleado;43;F;Soltero;Primaria;4;Altamira del Este
1124;Kevin Alejandro Castro Flores;10000;Vendedor;28;M;Casado;Técnico;1;Barrio La Cruz
1011;Andres Alejandro Flores Ruiz;0;Desempleado;54;M;Casado;Preescolar;3;Colina del Verbo
1069;Kevin Alejandro Perez Gonzalez;12500;Repartidor;56;M;Soltero;Primaria;1;Barrio 19 de Julio
1098;Daniel Alejandro Perez Torres;13500;Barbero;51;M;Casado;Primaria;2;Monimbó
1273;Sofia Alejandro Lopez Ruiz;0;Desempleado;72;F;Casado;Preescolar;1;San Judas
1472;Luis Alejandro Flores Hernandez;0;Desempleado;10;M;Soltero;Primaria;1;Barrio Los Pinos
1129;Juan Alejandro Torres Martinez;18000;Carpintero;72;M;Soltero;Secundaria;5;Barrio Medardo Andino
1085;Sofia Alejandro Gonzalez Perez;13500;Barbero;28;F;Soltero;Primaria;2;Baká
1042;Valeria Alejandro Perez Gonzalez;13000;Conductor de taxi;28;F;Soltero;Primaria;3;Colina del Verbo
1103;Luis Alejandro Perez Lopez;14000;Mesero;38;M;Soltero;Primaria;3;Barrio Medardo Andino
1428;Pedro Alejandro Martinez Martinez;9500;Técnico Agropecuario;25;M;Soltero;Técnico;3;Barrio El Calvario
1047;Lucia Alejandro Martinez Hernandez;14500;Cocinero;71;F;Soltero;Preescolar;3;Barrio El Calvario
1295;Mario Alejandro Castro Flores;10000;Vendedor;72;M;Casado;Técnico;1;Barrio Guadalupe
1048;Sofia Alejandro Torres Ruiz;0;Desempleado;58;F;Soltero;Preescolar;3;San Ramón
1274;Valeria Alejandro Martinez Flores;11500;Dependiente de tienda;18;F;Soltero;Técnico;1;San Ramón
1245;Maria Alejandro Mendoza Martinez;11000;Comerciante Informal;76;F;Casado;Preescolar;3;Baká
1232;Juan Alejandro Lopez Flores;12000;Trabajador doméstico;36;M;Soltero;Primaria;3;Barrio Medardo Andino
1134;Andres Alejandro Martinez Ruiz;17000;Albañil;41;M;Soltero;Secundaria;5;Barrio La Cruz
1291;Fernanda Alejandro Martinez Hernandez;0;Desempleado;18;F;Soltero;Técnico;1;Urbanización San Miguel
1093;Daniel Alejandro Castro Castro;18000;Carpintero;34;M;Soltero;Secundaria;5;Barrio Guadalupe
1359;Lucia Alejandro Castro Hernandez;10500;Cajero;58;F;Soltero;Técnico;1;Barrio La Cruz
1082;Miguel Alejandro Perez Ruiz;0;Desempleado;7;M;Soltero;Primaria;1;Barrio Guadalupe
1346;Pedro Alejandro Perez Martinez;10500;Cajero;79;M;Casado;Técnico;1;Barrio Obrero
1280;Carlos Alejandro Lopez Torres;0;Desempleado;44;M;Casado;Preescolar;3;Altamira del Este
1238;Camila Alejandro Flores Lopez;0;Desempleado;58;F;Casado;Preescolar;2;19 de Julio
1414;Sofia Alejandro Lopez Lopez;0;Desempleado;13;F;Soltero;Secundaria;1;Barrio Arnoldo Alemán
1297;Ana Alejandro Martinez Martinez;13500;Barbero;50;F;Soltero;Primaria;3;María Auxiliadora
1431;Ana Alejandro Martinez Perez;0;Desempleado;42;F;Soltero;Primaria;3;Barrio El Rosario
1455;Elena Alejandro Martinez Mendoza;18000;Carpintero;41;F;Soltero;Secundaria;5;Baká
1032;Andres Alejandro Hernandez Gonzalez;14500;Cocinero;36;M;Soltero;Preescolar;3;Barrio La Cruz
1205;Sofia Alejandro Gonzalez Ruiz;8500;Campesino;23;F;Soltero;Primaria;1;María Auxiliadora
1225;Sofia Alejandro Martinez Martinez;14000;Mesero;40;F;Soltero;Primaria;4;Monimbó
1425;Mario Alejandro Perez Torres;14000;Mesero;38;M;Soltero;Preescolar;3;Baká
1027;Pedro Alejandro Gonzalez Flores;12000;Trabajador doméstico;65;M;Casado;Preescolar;1;Urbanización San Miguel
1323;Carlos Alejandro Flores Hernandez;0;Desempleado;8;M;Soltero;Primaria;1;Baká
1351;Juan Alejandro Torres Mendoza;0;Desempleado;42;M;Casado;Primaria;5;El Calavario
1462;Mario Alejandro Flores Mendoza;0;Desempleado;2;M;Soltero;Preescolar;3;San Ramón
1200;Paula Alejandro Perez Hernandez;0;Desempleado;42;F;Casado;Preescolar;2;Barrio La Cruz
1003;Fernanda Alejandro Mendoza Ruiz;13500;Barbero;46;F;Casado;Primaria;4;Barrio Arnoldo Alemán
1077;Luis Alejandro Martinez Gonzalez;19000;Electricista;24;M;Soltero;Secundaria;5;Barrio La Cruz
1347;Paula Alejandro Martinez Lopez;0;Desempleado;4;F;Soltero;Preescolar;1;San Ramón
1467;Andres Alejandro Martinez Gonzalez;0;Desempleado;45;M;Soltero;Preescolar;2;María Auxiliadora
1286;Kevin Alejandro Flores Mendoza;14000;Mesero;68;M;Casado;Preescolar;1;Altamira del Este
1061;Miguel Alejandro Ruiz Lopez;0;Desempleado;72;M;Casado;Preescolar;2;Barrio 19 de Julio
1115;Miguel Alejandro Perez Martinez;18000;Carpintero;69;M;Casado;Secundaria;5;19 de Julio
1211;Lucia Alejandro Hernandez Torres;0;Desempleado;8;F;Soltero;Primaria;1;Barrio Los Pinos
1373;Miguel Alejandro Mendoza Mendoza;21000;Costur`ero;69;M;Casado;Primaria;2;Barrio La Cruz
1068;Andres Alejandro Hernandez Hernandez;0;Desempleado;67;M;Soltero;Preescolar;2;Barrio El Calvario
1404;Andres Alejandro Castro Gonzalez;13500;Barbero;23;M;Soltero;Preescolar;3;Baká
1033;Elena Alejandro Torres Lopez;12500;Repartidor;40;F;Casado;Primaria;1;Barrio El Rosario
1030;Andres Alejandro Mendoza Castro;14500;Cocinero;63;M;Casado;Preescolar;2;Barrio La Cruz
1001;Lucia Alejandro Hernandez Torres;0;Desempleado;7;F;Soltero;Primaria;1;Altamira del Este
1292;Andres Alejandro Flores Gonzalez;11500;Dependiente de tienda;17;M;Soltero;Técnico;1;Barrio El Rosario
1078;Mario Alejandro Castro Castro;18000;Carpintero;76;M;Casado;Secundaria;5;Monimbó
1114;Carlos Alejandro Castro Martinez;10000;Vendedor;51;M;Casado;Técnico;1;Barrio El Calvario
1242;Camila Alejandro Gonzalez Flores;0;Desempleado;10;F;Soltero;Primaria;3;Colina del Verbo
1188;Pedro Alejandro Mendoza Castro;0;Desempleado;1;M;Soltero;Preescolar;1;San Judas
1427;Kevin Alejandro Mendoza Lopez;0;Desempleado;31;M;Soltero;Preescolar;1;San Ramón
1321;Juan Alejandro Torres Hernandez;0;Desempleado;12;M;Soltero;Primaria;2;Sol de libertad
1356;Carlos Alejandro Gonzalez Mendoza;0;Desempleado;10;M;Soltero;Primaria;1;Barrio El Calvario
1279;Sofia Alejandro Perez Mendoza;0;Desempleado;42;F;Soltero;Primaria;1;El Calavario
1318;Sofia Alejandro Lopez Perez;0;Desempleado;6;F;Soltero;Primaria;4;El Calavario
1177;Mario Alejandro Perez Torres;0;Desempleado;47;M;Casado;Preescolar;1;Urbanización San Miguel
1089;Andres Alejandro Ruiz Martinez;21000;Costur`ero;67;M;Casado;Primaria;5;Barrio 19 de Julio
1260;Paula Alejandro Flores Castro;9500;Técnico Agropecuario;53;F;Casado;Técnico;3;Barrio El Rosario
1015;Elena Alejandro Gonzalez Martinez;16000;Médico general;41;F;Soltero;Universidad;5;Barrio Guadalupe
1232;Camila Alejandro Gonzalez Castro;17000;Albañil;66;F;Soltero;Secundaria;5;Barrio Medardo Andino
1004;Juan Alejandro Martinez Gonzalez;0;Desempleado;46;M;Soltero;Preescolar;2;Barrio Medardo Andino
1094;Mario Alejandro Flores Ruiz;10000;Vendedor;80;M;Casado;Técnico;1;Barrio Obrero
1324;Jose Alejandro Lopez Ruiz;17000;Albañil;55;M;Casado;Secundaria;5;Urbanización San Miguel
1484;Lucia Alejandro Ruiz Flores;21000;Costur`ero;17;F;Soltero;Secundaria;1;El Calavario
1403;Ana Alejandro Gonzalez Lopez;0;Desempleado;73;F;Casado;Primaria;1;Barrio Obrero
1448;Camila Alejandro Lopez Lopez;15000;Maestro;27;F;Soltero;Universidad;5;Barrio La Cruz
1030;Valeria Alejandro Torres Flores;13000;Conductor de taxi;43;F;Soltero;Primaria;4;Barrio La Cruz
1031;Carlos Alejandro Perez Martinez;17000;Albañil;55;M;Casado;Secundaria;5;Barrio La Cruz
1307;Camila Alejandro Castro Torres;16000;Médico general;67;F;Casado;Universidad;5;Barrio 19 de Julio
1162;Miguel Alejandro Flores Gonzalez;0;Desempleado;8;M;Soltero;Primaria;1;Monimbó
1175;Sofia Alejandro Torres Gonzalez;10500;Cajero;32;F;Soltero;Técnico;1;Sol de libertad
1478;Lucia Alejandro Martinez Flores;0;Desempleado;22;F;Soltero;Técnico;1;Urbanización San Miguel
1212;Kevin Alejandro Hernandez Mendoza;17000;Albañil;72;M;Soltero;Secundaria;5;Barrio La Cruz
1307;Carlos Alejandro Torres Ruiz;0;Desempleado;1;M;Soltero;Preescolar;2;Barrio 19 de Julio
1117;Valeria Alejandro Ruiz Hernandez;9000;Obrero;33;F;Soltero;Preescolar;3;Barrio Arnoldo Alemán
1474;Camila Alejandro Flores Gonzalez;0;Desempleado;44;F;Soltero;Preescolar;1;El Calavario
1304;Jose Alejandro Martinez Castro;0;Desempleado;56;M;Soltero;Preescolar;2;Urbanización San Miguel
1164;Lucia Alejandro Castro Ruiz;12500;Repartidor;54;F;Casado;Preescolar;1;San Ramón
1468;Maria Alejandro Perez Mendoza;16000;Médico general;30;F;Soltero;Universidad;5;Barrio 19 de Julio
1100;Juan Alejandro Gonzalez Torres;0;Desempleado;4;M;Soltero;Preescolar;1;Barrio El Calvario
1106;Marta Alejandro Castro Gonzalez;0;Desempleado;53;F;Soltero;Preescolar;3;Colina del Verbo
1307;Andres Alejandro Lopez Flores;11000;Comerciante Informal;72;M;Soltero;Preescolar;3;Barrio 19 de Julio
1284;Juan Alejandro Mendoza Flores;0;Desempleado;34;M;Casado;Primaria;3;Monimbó
1091;Kevin Alejandro Martinez Flores;0;Desempleado;57;M;Casado;Primaria;5;Barrio Arnoldo Alemán
1220;Daniel Alejandro Martinez Gonzalez;14000;Mesero;46;M;Soltero;Preescolar;3;Urbanización San Miguel
1349;Mario Alejandro Perez Flores;12000;Trabajador doméstico;42;M;Casado;Primaria;2;Altamira del Este
1305;Andres Alejandro Torres Castro;12000;Trabajador doméstico;48;M;Soltero;Preescolar;2;Monimbó
1128;Daniel Alejandro Ruiz Mendoza;13000;Conductor de taxi;64;M;Soltero;Preescolar;2;Colina del Verbo
1102;Juan Alejandro Hernandez Lopez;0;Desempleado;18;M;Soltero;Técnico;1;San Ramón
1305;Jose Alejandro Martinez Mendoza;9000;Obrero;76;M;Casado;Preescolar;3;Monimbó
1328;Paula Alejandro Hernandez Castro;0;Desempleado;6;F;Soltero;Primaria;1;Barrio La Cruz
1245;Paula Alejandro Mendoza Martinez;19000;Electricista;58;F;Soltero;Secundaria;5;Baká
1036;Camila Alejandro Ruiz Perez;0;Desempleado;40;F;Soltero;Primaria;5;Barrio Arnoldo Alemán
1053;Elena Alejandro Flores Flores;17000;Albañil;79;F;Casado;Secundaria;5;San Judas
1155;Camila Alejandro Torres Perez;15000;Maestro;43;F;Casado;Universidad;5;Colina del Verbo
1381;Luis Alejandro Lopez Flores;0;Desempleado;10;M;Soltero;Primaria;5;Colina del Verbo
1079;Lucia Alejandro Torres Hernandez;13000;Conductor de taxi;80;F;Casado;Primaria;2;Barrio La Cruz
1359;Kevin Alejandro Ruiz Hernandez;0;Desempleado;7;M;Soltero;Primaria;2;Barrio La Cruz
1454;Maria Alejandro Torres Mendoza;11500;Dependiente de tienda;64;F;Soltero;Técnico;1;María Auxiliadora
1190;Sofia Alejandro Gonzalez Castro;15000;Maestro;59;F;Casado;Universidad;5;El Calavario
1032;Marta Alejandro Torres Hernandez;0;Desempleado;16;F;Soltero;Secundaria;1;Barrio La Cruz
1023;Lucia Alejandro Lopez Ruiz;0;Desempleado;29;F;Soltero;Primaria;5;Baká
1236;Daniel Alejandro Hernandez Perez;0;Desempleado;48;M;Soltero;Preescolar;1;Urbanización San Miguel
1128;Fernanda Alejandro Torres Torres;14000;Mesero;63;F;Casado;Preescolar;2;Colina del Verbo
1475;Marta Alejandro Flores Hernandez;13000;Conductor de taxi;38;F;Soltero;Primaria;1;Barrio Arnoldo Alemán
1159;Andres Alejandro Castro Hernandez;0;Desempleado;67;M;Casado;Primaria;1;Barrio El Rosario
1412;Fernanda Alejandro Lopez Gonzalez;19000;Electricista;71;F;Casado;Secundaria;5;Barrio El Calvario
1377;Pedro Alejandro Mendoza Perez;9000;Obrero;21;M;Soltero;Técnico;1;Colina del Verbo
1397;Fernanda Alejandro Castro Flores;14000;Mesero;67;F;Soltero;Preescolar;1;Monimbó
1310;Mario Alejandro Perez Flores;13000;Conductor de taxi;33;M;Casado;Preescolar;1;Barrio La Cruz
1476;Sofia Alejandro Lopez Gonzalez;8500;Campesino;68;F;Casado;Primaria;3;María Auxiliadora
1055;Elena Alejandro Ruiz Gonzalez;0;Desempleado;3;F;Soltero;Preescolar;1;San Judas
1044;Jose Alejandro Flores Lopez;0;Desempleado;45;M;Soltero;Primaria;1;Barrio El Calvario
1446;Kevin Alejandro Hernandez Mendoza;14000;Mesero;29;M;Soltero;Primaria;5;El Calavario
1170;Carlos Alejandro Mendoza Ruiz;0;Desempleado;44;M;Soltero;Preescolar;3;Monimbó
1171;Paula Alejandro Castro Mendoza;10500;Cajero;53;F;Soltero;Técnico;1;Barrio La Cruz
1013;Lucia Alejandro Martinez Hernandez;17000;Albañil;29;F;Soltero;Secundaria;5;Altamira del Este
1418;Ana Alejandro Gonzalez Ruiz;14500;Cocinero;26;F;Casado;Primaria;4;Monimbó
1430;Lucia Alejandro Perez Flores;0;Desempleado;54;F;Casado;Preescolar;1;Barrio 19 de Julio
1035;Lucia Alejandro Torres Martinez;9000;Obrero;67;F;Casado;Primaria;3;19 de Julio
1396;Carlos Alejandro Lopez Lopez;12500;Repartidor;56;M;Casado;Primaria;4;Altamira del Este
1261;Juan Alejandro Gonzalez Lopez;21000;Costur`ero;60;M;Soltero;Primaria;2;Altamira del Este
1029;Marta Alejandro Perez Perez;0;Desempleado;56;F;Casado;Preescolar;1;Altamira del Este
1451;Mario Alejandro Torres Martinez;13500;Barbero;42;M;Soltero;Preescolar;2;Urbanización San Miguel
1355;Elena Alejandro Perez Perez;12500;Repartidor;18;F;Soltero;Técnico;1;Colina del Verbo
1159;Marta Alejandro Castro Martinez;10000;Vendedor;29;F;Soltero;Técnico;1;Barrio El Rosario
1016;Camila Alejandro Ruiz Lopez;0;Desempleado;10;F;Soltero;Primaria;1;Barrio La Cruz
1274;Juan Alejandro Perez Mendoza;0;Desempleado;9;M;Soltero;Primaria;1;San Ramón
1008;Elena Alejandro Castro Flores;13500;Barbero;40;F;Soltero;Primaria;4;Barrio Arnoldo Alemán
1345;Marta Alejandro Castro Martinez;13500;Barbero;27;F;Soltero;Preescolar;3;Altamira del Este
1290;Juan Alejandro Gonzalez Mendoza;0;Desempleado;26;M;Casado;Primaria;2;Barrio Obrero
1305;Mario Alejandro Hernandez Flores;18000;Carpintero;46;M;Soltero;Secundaria;5;Monimbó
1169;Andres Alejandro Flores Hernandez;0;Desempleado;62;M;Casado;Preescolar;1;Barrio Medardo Andino
1484;Kevin Alejandro Castro Gonzalez;9500;Técnico Agropecuario;29;M;Soltero;Técnico;3;El Calavario
1068;Andres Alejandro Perez Martinez;0;Desempleado;37;M;Soltero;Preescolar;1;Barrio El Calvario
1203;Daniel Alejandro Perez Torres;13000;Conductor de taxi;70;M;Casado;Primaria;1;Barrio El Calvario
1059;Elena Alejandro Hernandez Torres;21000;Costur`ero;70;F;Casado;Primaria;4;Monimbó
1346;Andres Alejandro Flores Flores;0;Desempleado;40;M;Soltero;Primaria;5;Barrio Obrero
1059;Jose Alejandro Castro Martinez;18000;Carpintero;38;M;Soltero;Secundaria;5;Monimbó
1344;Mario Alejandro Castro Martinez;18000;Carpintero;46;M;Casado;Secundaria;5;Barrio El Rosario
1311;Pedro Alejandro Mendoza Ruiz;9000;Obrero;16;M;Soltero;Secundaria;1;El Calavario
1315;Sofia Alejandro Mendoza Perez;0;Desempleado;6;F;Soltero;Primaria;2;Monimbó
1267;Lucia Alejandro Martinez Ruiz;13500;Barbero;27;F;Soltero;Preescolar;3;San Ramón
1226;Andres Alejandro Gonzalez Ruiz;0;Desempleado;60;M;Casado;Preescolar;2;Altamira del Este
1058;Carlos Alejandro Flores Perez;0;Desempleado;4;M;Soltero;Preescolar;1;Barrio Medardo Andino
1011;Camila Alejandro Castro Castro;0;Desempleado;27;F;Soltero;Primaria;4;Colina del Verbo
1431;Andres Alejandro Torres Castro;10000;Vendedor;15;M;Soltero;Técnico;1;Barrio El Rosario
1002;Lucia Alejandro Ruiz Castro;0;Desempleado;13;F;Soltero;Secundaria;1;Barrio 19 de Julio
1226;Marta Alejandro Flores Perez;9000;Obrero;17;F;Soltero;Secundaria;1;Altamira del Este
1128;Kevin Alejandro Flores Perez;12500;Repartidor;69;M;Casado;Primaria;3;Colina del Verbo
1478;Paula Alejandro Lopez Gonzalez;15500;Enfermero;59;F;Soltero;Universidad;5;Urbanización San Miguel
1289;Jose Alejandro Mendoza Torres;0;Desempleado;71;M;Casado;Primaria;4;Colina del Verbo
1189;Camila Alejandro Mendoza Ruiz;14500;Cocinero;64;F;Soltero;Preescolar;1;Barrio Los Pinos
1395;Lucia Alejandro Hernandez Martinez;15000;Maestro;76;F;Casado;Universidad;5;Urbanización San Miguel
1154;Paula Alejandro Martinez Castro;18000;Carpintero;54;F;Casado;Secundaria;5;Altamira del Este
1314;Lucia Alejandro Flores Torres;12000;Trabajador doméstico;29;F;Casado;Primaria;2;Urbanización San Miguel
1048;Miguel Alejandro Lopez Hernandez;8500;Campesino;14;M;Soltero;Secundaria;1;San Ramón
1159;Elena Alejandro Gonzalez Perez;14000;Mesero;70;F;Casado;Preescolar;1;Barrio El Rosario
1434;Jose Alejandro Ruiz Mendoza;10500;Cajero;69;M;Soltero;Técnico;1;El Calavario
1279;Ana Alejandro Hernandez Martinez;0;Desempleado;1;F;Soltero;Preescolar;1;El Calavario
1049;Kevin Alejandro Ruiz Hernandez;14000;Mesero;19;M;Soltero;Técnico;1;Barrio El Rosario
1308;Elena Alejandro Gonzalez Gonzalez;9500;Técnico Agropecuario;58;F;Soltero;Técnico;3;María Auxiliadora
1303;Daniel Alejandro Castro Torres;12500;Repartidor;67;M;Casado;Preescolar;1;Barrio Los Pinos
1299;Paula Alejandro Mendoza Lopez;9500;Técnico Agropecuario;61;F;Casado;Técnico;3;Sol de libertad
1363;Carlos Alejandro Hernandez Martinez;0;Desempleado;4;M;Soltero;Preescolar;1;Barrio La Cruz
1256;Daniel Alejandro Hernandez Flores;0;Desempleado;4;M;Soltero;Preescolar;1;Colina del Verbo
1136;Andres Alejandro Castro Hernandez;0;Desempleado;20;M;Soltero;Técnico;1;Barrio El Rosario
1179;Sofia Alejandro Torres Lopez;19000;Electricista;26;F;Casado;Secundaria;5;Barrio Obrero
1298;Maria Alejandro Perez Gonzalez;11000;Comerciante Informal;74;F;Casado;Preescolar;2;Sol de libertad
1132;Andres Alejandro Perez Hernandez;0;Desempleado;53;M;Soltero;Preescolar;2;San Judas
1371;Sofia Alejandro Perez Lopez;0;Desempleado;67;F;Soltero;Primaria;3;19 de Julio
1044;Mario Alejandro Castro Flores;14000;Mesero;47;M;Soltero;Preescolar;2;Barrio El Calvario
1336;Carlos Alejandro Perez Ruiz;12500;Repartidor;74;M;Casado;Primaria;3;Barrio El Calvario
1325;Ana Alejandro Martinez Flores;0;Desempleado;28;F;Soltero;Primaria;3;Sol de libertad
1474;Paula Alejandro Castro Ruiz;12500;Repartidor;56;F;Soltero;Preescolar;3;El Calavario
1489;Fernanda Alejandro Mendoza Castro;0;Desempleado;6;F;Soltero;Primaria;3;Barrio El Calvario
1136;Pedro Alejandro Flores Lopez;10000;Vendedor;40;M;Casado;Técnico;1;Barrio El Rosario
1192;Andres Alejandro Flores Torres;13500;Barbero;43;M;Casado;Primaria;1;Barrio La Cruz
1167;Mario Alejandro Lopez Flores;10000;Vendedor;21;M;Casado;Técnico;1;Barrio Los Pinos
1008;Paula Alejandro Castro Perez;8500;Campesino;64;F;Soltero;Preescolar;1;Barrio Arnoldo Alemán
1079;Camila Alejandro Martinez Gonzalez;0;Desempleado;71;F;Soltero;Primaria;2;Barrio La Cruz
1319;Juan Alejandro Torres Martinez;18000;Carpintero;77;M;Casado;Secundaria;5;San Judas
1408;Fernanda Alejandro Mendoza Lopez;0;Desempleado;49;F;Casado;Preescolar;2;Barrio Arnoldo Alemán
1248;Paula Alejandro Perez Mendoza;12500;Repartidor;38;F;Soltero;Preescolar;1;Barrio Arnoldo Alemán
1330;Valeria Alejandro Flores Lopez;15500;Enfermero;29;F;Soltero;Universidad;5;San Judas
1068;Camila Alejandro Perez Lopez;13500;Barbero;43;F;Soltero;Preescolar;1;Barrio El Calvario
1069;Pedro Alejandro Ruiz Mendoza;13500;Barbero;51;M;Soltero;Preescolar;3;Barrio 19 de Julio
1102;Andres Alejandro Ruiz Ruiz;15500;Enfermero;72;M;Soltero;Universidad;5;San Ramón
1119;Luis Alejandro Gonzalez Castro;17000;Albañil;59;M;Casado;Secundaria;5;María Auxiliadora
1437;Fernanda Alejandro Hernandez Flores;12500;Repartidor;62;F;Soltero;Primaria;1;Barrio Guadalupe
1217;Carlos Alejandro Lopez Lopez;21000;Costur`ero;55;M;Soltero;Preescolar;1;19 de Julio
1286;Kevin Alejandro Flores Mendoza;13500;Barbero;59;M;Soltero;Primaria;3;Altamira del Este
1346;Miguel Alejandro Mendoza Lopez;0;Desempleado;15;M;Soltero;Secundaria;1;Barrio Obrero
1042;Pedro Alejandro Hernandez Lopez;0;Desempleado;11;M;Soltero;Primaria;3;Colina del Verbo
1288;Ana Alejandro Gonzalez Ruiz;9000;Obrero;80;F;Casado;Primaria;3;Barrio El Calvario
1167;Daniel Alejandro Perez Perez;8500;Campesino;21;M;Soltero;Técnico;1;Barrio Los Pinos
1170;Sofia Alejandro Castro Mendoza;18000;Carpintero;59;F;Soltero;Secundaria;5;Monimbó
1439;Elena Alejandro Ruiz Flores;0;Desempleado;65;F;Casado;Primaria;1;Barrio La Cruz
1387;Carlos Alejandro Perez Castro;10500;Cajero;39;M;Casado;Técnico;1;Barrio 19 de Julio
1311;Daniel Alejandro Perez Castro;0;Desempleado;9;M;Soltero;Primaria;1;El Calavario
1319;Jose Alejandro Gonzalez Perez;0;Desempleado;30;M;Soltero;Primaria;4;San Judas
1328;Ana Alejandro Hernandez Gonzalez;9000;Obrero;36;F;Soltero;Primaria;2;Barrio La Cruz
1209;Carlos Alejandro Lopez Gonzalez;0;Desempleado;11;M;Soltero;Primaria;2;Barrio El Calvario
1209;Paula Alejandro Flores Lopez;0;Desempleado;5;F;Soltero;Preescolar;1;Barrio El Calvario
1451;Miguel Alejandro Castro Martinez;10000;Vendedor;38;M;Soltero;Técnico;1;Urbanización San Miguel
1274;Kevin Alejandro Hernandez Gonzalez;0;Desempleado;27;M;Soltero;Primaria;3;San Ramón
1128;Miguel Alejandro Martinez Lopez;13000;Conductor de taxi;62;M;Soltero;Preescolar;3;Colina del Verbo
1183;Andres Alejandro Lopez Perez;0;Desempleado;25;M;Soltero;Preescolar;2;Barrio Obrero
1410;Camila Alejandro Martinez Ruiz;21000;Costur`ero;50;F;Soltero;Preescolar;3;María Auxiliadora
1201;Pedro Alejandro Flores Mendoza;0;Desempleado;46;M;Casado;Preescolar;3;Barrio Obrero
1296;Mario Alejandro Hernandez Mendoza;0;Desempleado;28;M;Soltero;Preescolar;2;Urbanización San Miguel
1474;Fernanda Alejandro Lopez Castro;18000;Carpintero;44;F;Soltero;Secundaria;5;El Calavario
1466;Fernanda Alejandro Gonzalez Torres;17000;Albañil;34;F;Soltero;Secundaria;5;Barrio Los Pinos
1293;Paula Alejandro Lopez Lopez;0;Desempleado;72;F;Soltero;Primaria;3;Colina del Verbo
1101;Jose Alejandro Mendoza Martinez;9000;Obrero;48;M;Casado;Primaria;3;19 de Julio
1060;Sofia Alejandro Lopez Lopez;13000;Conductor de taxi;29;F;Soltero;Preescolar;2;Barrio El Calvario
1218;Mario Alejandro Ruiz Castro;0;Desempleado;34;M;Soltero;Preescolar;2;Barrio Los Pinos
1069;Carlos Alejandro Gonzalez Castro;11000;Comerciante Informal;29;M;Soltero;Preescolar;2;Barrio 19 de Julio
1422;Daniel Alejandro Perez Perez;18000;Carpintero;70;M;Soltero;Secundaria;5;Barrio El Calvario
1021;Andres Alejandro Martinez Flores;15500;Enfermero;59;M;Soltero;Universidad;5;Sol de libertad
1356;Ana Alejandro Castro Mendoza;18000;Carpintero;62;F;Casado;Secundaria;5;Barrio El Calvario
1134;Kevin Alejandro Flores Ruiz;0;Desempleado;59;M;Soltero;Preescolar;2;Barrio La Cruz
1178;Carlos Alejandro Castro Castro;9500;Técnico Agropecuario;73;M;Casado;Técnico;3;San Ramón
1238;Camila Alejandro Hernandez Castro;11000;Comerciante Informal;23;F;Soltero;Preescolar;2;19 de Julio
1224;Mario Alejandro Gonzalez Gonzalez;0;Desempleado;10;M;Soltero;Primaria;1;Barrio El Calvario
1183;Daniel Alejandro Castro Flores;17000;Albañil;44;M;Casado;Secundaria;5;Barrio Obrero
1343;Ana Alejandro Hernandez Gonzalez;13000;Conductor de taxi;59;F;Casado;Primaria;4;Urbanización San Miguel
1422;Luis Alejandro Ruiz Flores;0;Desempleado;77;M;Casado;Preescolar;3;Barrio El Calvario
1497;Fernanda Alejandro Flores Flores;0;Desempleado;72;F;Soltero;Preescolar;1;Colina del Verbo
1194;Miguel Alejandro Perez Mendoza;0;Desempleado;20;M;Soltero;Técnico;1;Barrio Medardo Andino
1112;Carlos Alejandro Perez Hernandez;11500;Dependiente de tienda;25;M;Soltero;Técnico;1;San Ramón
1350;Kevin Alejandro Martinez Mendoza;0;Desempleado;63;M;Casado;Preescolar;1;Barrio El Rosario
1080;Elena Alejandro Castro Hernandez;16000;Médico general;60;F;Soltero;Universidad;5;Barrio Los Pinos
1268;Maria Alejandro Martinez Ruiz;9500;Técnico Agropecuario;27;F;Soltero;Técnico;3;Altamira del Este
1173;Sofia Alejandro Gonzalez Martinez;12000;Trabajador doméstico;41;F;Soltero;Primaria;3;Monimbó
1422;Maria Alejandro Gonzalez Castro;0;Desempleado;54;F;Casado;Primaria;1;Barrio El Calvario
1053;Miguel Alejandro Hernandez Flores;0;Desempleado;63;M;Casado;Primaria;5;San Judas
1411;Fernanda Alejandro Hernandez Castro;0;Desempleado;68;F;Casado;Primaria;1;Altamira del Este
1044;Marta Alejandro Mendoza Castro;18000;Carpintero;30;F;Soltero;Secundaria;5;Barrio El Calvario
1245;Fernanda Alejandro Hernandez Perez;12000;Trabajador doméstico;50;F;Soltero;Preescolar;2;Baká
1448;Mario Alejandro Flores Lopez;0;Desempleado;2;M;Soltero;Preescolar;1;Barrio La Cruz
1091;Pedro Alejandro Martinez Hernandez;0;Desempleado;35;M;Soltero;Preescolar;1;Barrio Arnoldo Alemán
1459;Lucia Alejandro Castro Perez;18000;Carpintero;60;F;Casado;Secundaria;5;Altamira del Este
1362;Miguel Alejandro Hernandez Hernandez;13000;Conductor de taxi;30;M;Soltero;Primaria;3;Urbanización San Miguel
1452;Camila Alejandro Perez Ruiz;0;Desempleado;11;F;Soltero;Primaria;2;Sol de libertad
1052;Kevin Alejandro Ruiz Torres;18000;Carpintero;22;M;Soltero;Secundaria;5;19 de Julio
1254;Juan Alejandro Ruiz Ruiz;13500;Barbero;61;M;Casado;Preescolar;1;Barrio Guadalupe
1129;Carlos Alejandro Castro Perez;11000;Comerciante Informal;14;M;Soltero;Secundaria;1;Barrio Medardo Andino
1285;Camila Alejandro Flores Mendoza;0;Desempleado;43;F;Casado;Preescolar;2;El Calavario
1344;Elena Alejandro Ruiz Perez;11500;Dependiente de tienda;24;F;Soltero;Técnico;1;Barrio El Rosario
1125;Daniel Alejandro Ruiz Perez;0;Desempleado;24;M;Soltero;Primaria;5;19 de Julio
1132;Maria Alejandro Flores Ruiz;0;Desempleado;1;F;Soltero;Preescolar;1;San Judas
1139;Ana Alejandro Flores Martinez;14500;Cocinero;32;F;Soltero;Preescolar;2;Barrio Obrero
1360;Kevin Alejandro Gonzalez Mendoza;0;Desempleado;1;M;Soltero;Preescolar;2;Urbanización San Miguel
1409;Mario Alejandro Mendoza Lopez;8500;Campesino;39;M;Soltero;Primaria;5;Barrio La Cruz
1298;Carlos Alejandro Gonzalez Hernandez;15500;Enfermero;41;M;Soltero;Universidad;5;Sol de libertad
1384;Mario Alejandro Lopez Flores;15000;Maestro;70;M;Soltero;Universidad;5;Altamira del Este
1485;Andres Alejandro Gonzalez Mendoza;19000;Electricista;40;M;Soltero;Secundaria;5;Baká
1057;Juan Alejandro Castro Gonzalez;0;Desempleado;80;M;Casado;Preescolar;1;María Auxiliadora
1386;Paula Alejandro Flores Lopez;18000;Carpintero;55;F;Soltero;Secundaria;5;María Auxiliadora
1052;Carlos Alejandro Flores Martinez;0;Desempleado;22;M;Soltero;Técnico;1;19 de Julio
1284;Maria Alejandro Martinez Lopez;9000;Obrero;55;F;Casado;Primaria;2;Monimbó
1033;Fernanda Alejandro Lopez Hernandez;0;Desempleado;24;F;Soltero;Preescolar;3;Barrio El Rosario
1116;Elena Alejandro Castro Flores;14500;Cocinero;45;F;Soltero;Primaria;3;Altamira del Este
1398;Andres Alejandro Martinez Castro;14000;Mesero;62;M;Soltero;Primaria;2;Barrio La Cruz
1045;Carlos Alejandro Castro Gonzalez;13000;Conductor de taxi;64;M;Casado;Preescolar;2;San Judas
1304;Fernanda Alejandro Ruiz Lopez;21000;Costur`ero;77;F;Soltero;Preescolar;2;Urbanización San Miguel
1108;Maria Alejandro Perez Ruiz;0;Desempleado;5;F;Soltero;Preescolar;1;San Ramón
1191;Marta Alejandro Gonzalez Flores;0;Desempleado;21;F;Soltero;Técnico;1;Barrio Guadalupe
1001;Kevin Alejandro Hernandez Castro;14500;Cocinero;64;M;Casado;Primaria;1;Altamira del Este
1008;Kevin Alejandro Martinez Perez;15500;Enfermero;52;M;Soltero;Universidad;5;Barrio Arnoldo Alemán
1264;Juan Alejandro Hernandez Lopez;9000;Obrero;22;M;Soltero;Técnico;1;El Calavario
1022;Andres Alejandro Gonzalez Mendoza;12500;Repartidor;80;M;Casado;Preescolar;2;San Judas
1161;Fernanda Alejandro Flores Martinez;0;Desempleado;28;F;Soltero;Preescolar;2;San Ramón
1385;Andres Alejandro Gonzalez Martinez;0;Desempleado;8;M;Soltero;Primaria;1;Monimbó
1380;Fernanda Alejandro Flores Lopez;18000;Carpintero;42;F;Soltero;Secundaria;5;Urbanización San Miguel
1224;Andres Alejandro Ruiz Hernandez;0;Desempleado;70;M;Soltero;Preescolar;3;Barrio El Calvario
1123;Luis Alejandro Castro Perez;0;Desempleado;47;M;Casado;Preescolar;3;Monimbó
1037;Fernanda Alejandro Gonzalez Gonzalez;0;Desempleado;30;F;Casado;Primaria;3;Barrio El Rosario
1076;Luis Alejandro Gonzalez Martinez;0;Desempleado;1;M;Soltero;Preescolar;3;Sol de libertad
1456;Jose Alejandro Martinez Castro;0;Desempleado;21;M;Soltero;Técnico;1;Barrio La Cruz
1011;Jose Alejandro Flores Gonzalez;10500;Cajero;28;M;Soltero;Técnico;1;Colina del Verbo
1260;Mario Alejandro Torres Mendoza;11000;Comerciante Informal;44;M;Soltero;Primaria;2;Barrio El Rosario
1128;Pedro Alejandro Flores Lopez;0;Desempleado;45;M;Soltero;Primaria;4;Colina del Verbo
1003;Juan Alejandro Castro Martinez;8500;Campesino;26;M;Soltero;Primaria;1;Barrio Arnoldo Alemán
1103;Maria Alejandro Torres Castro;0;Desempleado;2;F;Soltero;Preescolar;1;Barrio Medardo Andino
1225;Jose Alejandro Gonzalez Perez;10500;Cajero;52;M;Casado;Técnico;1;Monimbó
1030;Fernanda Alejandro Flores Perez;0;Desempleado;30;F;Soltero;Preescolar;3;Barrio La Cruz
1018;Maria Alejandro Mendoza Hernandez;13500;Barbero;25;F;Soltero;Primaria;1;El Calavario
1365;Valeria Alejandro Ruiz Ruiz;8500;Campesino;16;F;Soltero;Secundaria;1;Barrio Los Pinos
1065;Jose Alejandro Lopez Torres;0;Desempleado;76;M;Casado;Preescolar;1;Barrio Obrero
1021;Sofia Alejandro Hernandez Martinez;9500;Técnico Agropecuario;60;F;Casado;Técnico;3;Sol de libertad
1101;Ana Alejandro Lopez Ruiz;0;Desempleado;60;F;Casado;Preescolar;2;19 de Julio
1408;Miguel Alejandro Flores Torres;13500;Barbero;16;M;Soltero;Secundaria;1;Barrio Arnoldo Alemán
1225;Mario Alejandro Gonzalez Ruiz;8500;Campesino;19;M;Soltero;Técnico;1;Monimbó
1165;Sofia Alejandro Perez Torres;10000;Vendedor;30;F;Soltero;Técnico;1;Barrio El Rosario
1334;Camila Alejandro Ruiz Flores;15000;Maestro;37;F;Soltero;Universidad;5;Barrio 19 de Julio
1013;Pedro Alejandro Martinez Gonzalez;10000;Vendedor;43;M;Casado;Técnico;1;Altamira del Este
1114;Marta Alejandro Lopez Castro;0;Desempleado;33;F;Casado;Primaria;2;Barrio El Calvario
1144;Camila Alejandro Mendoza Perez;11500;Dependiente de tienda;25;F;Casado;Técnico;1;Barrio 19 de Julio
1310;Ana Alejandro Hernandez Martinez;0;Desempleado;36;F;Soltero;Preescolar;2;Barrio La Cruz
1112;Ana Alejandro Torres Hernandez;11000;Comerciante Informal;46;F;Casado;Primaria;1;San Ramón
1433;Mario Alejandro Lopez Lopez;8500;Campesino;34;M;Soltero;Preescolar;1;Barrio Guadalupe
1230;Daniel Alejandro Mendoza Torres;8500;Campesino;68;M;Casado;Primaria;2;Barrio 19 de Julio
1099;Elena Alejandro Lopez Perez;0;Desempleado;14;F;Soltero;Secundaria;1;Barrio 19 de Julio
1330;Carlos Alejandro Lopez Hernandez;0;Desempleado;58;M;Soltero;Preescolar;2;San Judas
1024;Elena Alejandro Flores Martinez;0;Desempleado;11;F;Soltero;Primaria;5;Barrio Obrero
1283;Maria Alejandro Hernandez Castro;13500;Barbero;44;F;Casado;Preescolar;1;Barrio Los Pinos
1087;Mario Alejandro Gonzalez Mendoza;0;Desempleado;79;M;Casado;Preescolar;3;Barrio Los Pinos
1426;Luis Alejandro Flores Lopez;19000;Electricista;60;M;Soltero;Secundaria;5;Monimbó
1074;Jose Alejandro Mendoza Lopez;0;Desempleado;8;M;Soltero;Primaria;3;Baká
1234;Juan Alejandro Castro Gonzalez;0;Desempleado;64;M;Casado;Primaria;4;Altamira del Este
1123;Kevin Alejandro Hernandez Martinez;8500;Campesino;16;M;Soltero;Secundaria;1;Monimbó
1060;Pedro Alejandro Torres Martinez;11000;Comerciante Informal;44;M;Soltero;Preescolar;3;Barrio El Calvario
1482;Mario Alejandro Gonzalez Lopez;10500;Cajero;31;M;Casado;Técnico;1;Barrio Los Pinos
1238;Ana Alejandro Castro Torres;0;Desempleado;19;F;Soltero;Técnico;1;19 de Julio
1297;Camila Alejandro Ruiz Flores;0;Desempleado;9;F;Soltero;Primaria;2;María Auxiliadora
1236;Valeria Alejandro Martinez Ruiz;12500;Repartidor;55;F;Casado;Primaria;1;Urbanización San Miguel
1084;Elena Alejandro Mendoza Hernandez;10500;Cajero;80;F;Casado;Técnico;1;El Calavario
1127;Pedro Alejandro Martinez Lopez;15500;Enfermero;80;M;Casado;Universidad;5;María Auxiliadora
1369;Miguel Alejandro Gonzalez Mendoza;0;Desempleado;47;M;Soltero;Preescolar;3;19 de Julio
1499;Luis Alejandro Hernandez Gonzalez;0;Desempleado;30;M;Casado;Primaria;5;Urbanización San Miguel
1499;Andres Alejandro Mendoza Mendoza;0;Desempleado;25;M;Soltero;Preescolar;2;Urbanización San Miguel
1406;Sofia Alejandro Gonzalez Mendoza;9500;Técnico Agropecuario;38;F;Soltero;Técnico;3;San Ramón
1443;Juan Alejandro Torres Gonzalez;0;Desempleado;1;M;Soltero;Preescolar;1;San Judas
1044;Camila Alejandro Ruiz Castro;15000;Maestro;74;F;Casado;Universidad;5;Barrio El Calvario
1499;Miguel Alejandro Torres Mendoza;9000;Obrero;20;M;Soltero;Técnico;1;Urbanización San Miguel
1043;Ana Alejandro Mendoza Hernandez;12000;Trabajador doméstico;27;F;Casado;Primaria;4;Monimbó
1227;Maria Alejandro Gonzalez Hernandez;18000;Carpintero;25;F;Soltero;Secundaria;5;María Auxiliadora
1455;Daniel Alejandro Martinez Gonzalez;0;Desempleado;51;M;Casado;Primaria;2;Baká
1279;Miguel Alejandro Ruiz Flores;19000;Electricista;38;M;Soltero;Secundaria;5;El Calavario
1355;Lucia Alejandro Lopez Perez;18000;Carpintero;65;F;Casado;Secundaria;5;Colina del Verbo
1443;Camila Alejandro Mendoza Torres;0;Desempleado;63;F;Casado;Preescolar;3;San Judas
1328;Jose Alejandro Gonzalez Martinez;0;Desempleado;1;M;Soltero;Preescolar;1;Barrio La Cruz
1294;Fernanda Alejandro Lopez Ruiz;19000;Electricista;51;F;Casado;Secundaria;5;María Auxiliadora
1184;Maria Alejandro Flores Ruiz;0;Desempleado;7;F;Soltero;Primaria;2;Barrio Obrero
1361;Maria Alejandro Perez Castro;10500;Cajero;68;F;Casado;Técnico;1;San Judas
1498;Elena Alejandro Gonzalez Mendoza;0;Desempleado;7;F;Soltero;Primaria;2;Barrio El Calvario
1031;Valeria Alejandro Torres Flores;0;Desempleado;63;F;Casado;Preescolar;1;Barrio La Cruz
1055;Andres Alejandro Castro Ruiz;0;Desempleado;72;M;Casado;Preescolar;2;San Judas
1222;Valeria Alejandro Torres Lopez;15500;Enfermero;72;F;Soltero;Universidad;5;19 de Julio
1409;Elena Alejandro Mendoza Mendoza;14000;Mesero;76;F;Casado;Primaria;2;Barrio La Cruz
1155;Luis Alejandro Martinez Ruiz;9500;Técnico Agropecuario;72;M;Casado;Técnico;3;Colina del Verbo
1494;Carlos Alejandro Hernandez Perez;11500;Dependiente de tienda;21;M;Soltero;Técnico;1;Barrio Guadalupe
1333;Carlos Alejandro Perez Perez;0;Desempleado;14;M;Soltero;Secundaria;1;María Auxiliadora
1306;Paula Alejandro Ruiz Gonzalez;17000;Albañil;29;F;Soltero;Secundaria;5;Barrio El Rosario
1487;Ana Alejandro Torres Martinez;13500;Barbero;17;F;Soltero;Secundaria;1;Urbanización San Miguel
1396;Camila Alejandro Hernandez Ruiz;0;Desempleado;77;F;Casado;Preescolar;1;Altamira del Este
1377;Kevin Alejandro Mendoza Flores;14500;Cocinero;32;M;Soltero;Primaria;2;Colina del Verbo
1463;Sofia Alejandro Lopez Flores;14500;Cocinero;58;F;Soltero;Primaria;5;Barrio Los Pinos
1401;Elena Alejandro Gonzalez Lopez;10500;Cajero;39;F;Casado;Técnico;1;María Auxiliadora
1132;Kevin Alejandro Flores Martinez;0;Desempleado;47;M;Soltero;Preescolar;1;San Judas
1152;Sofia Alejandro Torres Castro;0;Desempleado;35;F;Casado;Preescolar;3;Monimbó
1229;Paula Alejandro Martinez Gonzalez;11000;Comerciante Informal;49;F;Soltero;Primaria;1;Urbanización San Miguel
1459;Valeria Alejandro Lopez Castro;21000;Costur`ero;33;F;Soltero;Preescolar;2;Altamira del Este
1058;Daniel Alejandro Flores Perez;8500;Campesino;48;M;Soltero;Primaria;1;Barrio Medardo Andino
1420;Paula Alejandro Perez Ruiz;14500;Cocinero;63;F;Casado;Primaria;2;María Auxiliadora
1283;Paula Alejandro Ruiz Torres;0;Desempleado;16;F;Soltero;Secundaria;1;Barrio Los Pinos
1161;Sofia Alejandro Mendoza Flores;0;Desempleado;33;F;Soltero;Primaria;2;San Ramón
1089;Fernanda Alejandro Castro Martinez;21000;Costur`ero;15;F;Soltero;Secundaria;1;Barrio 19 de Julio
1438;Mario Alejandro Perez Flores;17000;Albañil;24;M;Soltero;Secundaria;5;María Auxiliadora
1098;Fernanda Alejandro Ruiz Mendoza;0;Desempleado;12;F;Soltero;Primaria;1;Monimbó
1479;Maria Alejandro Gonzalez Torres;15500;Enfermero;56;F;Soltero;Universidad;5;Altamira del Este
1362;Miguel Alejandro Perez Perez;17000;Albañil;32;M;Casado;Secundaria;5;Urbanización San Miguel
1463;Kevin Alejandro Flores Mendoza;10500;Cajero;19;M;Soltero;Técnico;1;Barrio Los Pinos
1216;Andres Alejandro Martinez Hernandez;17000;Albañil;47;M;Casado;Secundaria;5;San Ramón
1325;Luis Alejandro Hernandez Lopez;0;Desempleado;5;M;Soltero;Preescolar;1;Sol de libertad
1435;Valeria Alejandro Torres Ruiz;21000;Costur`ero;49;F;Casado;Primaria;1;Barrio 19 de Julio
1444;Kevin Alejandro Ruiz Torres;0;Desempleado;60;M;Casado;Preescolar;1;Sol de libertad
1437;Camila Alejandro Hernandez Hernandez;14500;Cocinero;78;F;Soltero;Primaria;3;Barrio Guadalupe
1458;Camila Alejandro Hernandez Gonzalez;14000;Mesero;77;F;Casado;Primaria;4;Altamira del Este
1191;Luis Alejandro Martinez Flores;0;Desempleado;21;M;Casado;Técnico;1;Barrio Guadalupe
1217;Carlos Alejandro Mendoza Lopez;10000;Vendedor;34;M;Soltero;Técnico;1;19 de Julio
1498;Maria Alejandro Perez Martinez;0;Desempleado;47;F;Soltero;Preescolar;1;Barrio El Calvario
1035;Pedro Alejandro Mendoza Flores;18000;Carpintero;27;M;Casado;Secundaria;5;19 de Julio
1064;Maria Alejandro Castro Perez;0;Desempleado;74;F;Casado;Primaria;4;Baká
1148;Miguel Alejandro Hernandez Hernandez;11000;Comerciante Informal;67;M;Casado;Primaria;5;Barrio Guadalupe
1392;Ana Alejandro Castro Flores;0;Desempleado;7;F;Soltero;Primaria;3;Barrio Arnoldo Alemán
1324;Marta Alejandro Gonzalez Ruiz;12500;Repartidor;37;F;Soltero;Primaria;4;Urbanización San Miguel
1474;Mario Alejandro Castro Mendoza;10500;Cajero;64;M;Casado;Técnico;1;El Calavario
1027;Juan Alejandro Gonzalez Ruiz;0;Desempleado;26;M;Soltero;Primaria;2;Urbanización San Miguel
1066;Maria Alejandro Gonzalez Lopez;0;Desempleado;13;F;Soltero;Secundaria;1;San Judas
1085;Daniel Alejandro Ruiz Flores;19000;Electricista;38;M;Soltero;Secundaria;5;Baká
1164;Daniel Alejandro Ruiz Lopez;0;Desempleado;19;M;Soltero;Técnico;1;San Ramón
1205;Miguel Alejandro Ruiz Flores;12000;Trabajador doméstico;68;M;Casado;Primaria;5;María Auxiliadora
1027;Maria Alejandro Perez Perez;0;Desempleado;66;F;Soltero;Primaria;3;Urbanización San Miguel
1053;Valeria Alejandro Hernandez Lopez;12500;Repartidor;15;F;Soltero;Secundaria;1;San Judas
1333;Elena Alejandro Torres Lopez;18000;Carpintero;60;F;Soltero;Secundaria;5;María Auxiliadora
1377;Daniel Alejandro Martinez Flores;0;Desempleado;65;M;Casado;Primaria;5;Colina del Verbo
1384;Pedro Alejandro Perez Perez;8500;Campesino;41;M;Soltero;Primaria;5;Altamira del Este
1406;Carlos Alejandro Perez Gonzalez;13000;Conductor de taxi;52;M;Casado;Primaria;4;San Ramón
1411;Paula Alejandro Torres Gonzalez;12500;Repartidor;63;F;Soltero;Preescolar;1;Altamira del Este
1307;Juan Alejandro Flores Ruiz;15500;Enfermero;79;M;Casado;Universidad;5;Barrio 19 de Julio
1445;Valeria Alejandro Perez Hernandez;18000;Carpintero;45;F;Casado;Secundaria;5;Barrio El Calvario
1474;Lucia Alejandro Hernandez Martinez;0;Desempleado;32;F;Soltero;Primaria;2;El Calavario
1341;Pedro Alejandro Martinez Ruiz;16000;Médico general;71;M;Casado;Universidad;5;Urbanización San Miguel
1031;Jose Alejandro Hernandez Lopez;0;Desempleado;7;M;Soltero;Primaria;1;Barrio La Cruz
1185;Pedro Alejandro Perez Perez;13500;Barbero;54;M;Soltero;Primaria;5;Barrio Medardo Andino
1494;Marta Alejandro Perez Ruiz;8500;Campesino;72;F;Casado;Primaria;5;Barrio Guadalupe
1047;Camila Alejandro Lopez Perez;10500;Cajero;40;F;Soltero;Técnico;1;Barrio El Calvario
1227;Kevin Alejandro Castro Perez;21000;Costur`ero;65;M;Soltero;Primaria;1;María Auxiliadora
1419;Mario Alejandro Martinez Castro;13500;Barbero;55;M;Soltero;Primaria;3;María Auxiliadora
1478;Maria Alejandro Flores Castro;0;Desempleado;13;F;Soltero;Secundaria;1;Urbanización San Miguel
1494;Mario Alejandro Perez Martinez;12000;Trabajador doméstico;57;M;Casado;Primaria;1;Barrio Guadalupe
1297;Pedro Alejandro Martinez Ruiz;0;Desempleado;8;M;Soltero;Primaria;1;María Auxiliadora
1301;Miguel Alejandro Hernandez Ruiz;14000;Mesero;18;M;Soltero;Técnico;1;Barrio Los Pinos
1469;Andres Alejandro Ruiz Hernandez;0;Desempleado;4;M;Soltero;Preescolar;3;Barrio El Rosario
1257;Miguel Alejandro Mendoza Gonzalez;0;Desempleado;38;M;Soltero;Primaria;5;Barrio Guadalupe
1372;Elena Alejandro Perez Flores;15500;Enfermero;40;F;Soltero;Universidad;5;Monimbó
1488;Marta Alejandro Martinez Hernandez;14000;Mesero;53;F;Casado;Primaria;2;Barrio La Cruz
1182;Maria Alejandro Hernandez Martinez;0;Desempleado;14;F;Soltero;Secundaria;1;Barrio El Rosario
1172;Jose Alejandro Torres Lopez;16000;Médico general;43;M;Soltero;Universidad;5;San Judas
1329;Ana Alejandro Ruiz Torres;8500;Campesino;79;F;Casado;Primaria;3;Barrio Obrero
1140;Elena Alejandro Hernandez Mendoza;9000;Obrero;24;F;Soltero;Primaria;3;Barrio El Rosario
1468;Paula Alejandro Gonzalez Lopez;11500;Dependiente de tienda;18;F;Soltero;Técnico;1;Barrio 19 de Julio
1332;Andres Alejandro Flores Martinez;9000;Obrero;28;M;Soltero;Primaria;5;San Ramón
1085;Sofia Alejandro Castro Gonzalez;0;Desempleado;37;F;Casado;Primaria;4;Baká
1367;Fernanda Alejandro Martinez Mendoza;0;Desempleado;77;F;Casado;Primaria;5;Barrio Guadalupe
1118;Jose Alejandro Martinez Perez;13000;Conductor de taxi;53;M;Soltero;Primaria;4;Barrio Medardo Andino
1412;Daniel Alejandro Flores Gonzalez;12000;Trabajador doméstico;51;M;Casado;Primaria;2;Barrio El Calvario
1205;Valeria Alejandro Perez Lopez;17000;Albañil;50;F;Casado;Secundaria;5;María Auxiliadora
1251;Kevin Alejandro Torres Ruiz;0;Desempleado;29;M;Casado;Primaria;1;Baká
1426;Paula Alejandro Hernandez Lopez;13500;Barbero;52;F;Casado;Primaria;1;Monimbó
1101;Valeria Alejandro Lopez Perez;12000;Trabajador doméstico;20;F;Soltero;Técnico;1;19 de Julio
1378;Fernanda Alejandro Hernandez Torres;17000;Albañil;16;F;Soltero;Secundaria;5;Barrio El Rosario
1088;Marta Alejandro Perez Mendoza;18000;Carpintero;77;F;Casado;Secundaria;5;Barrio Guadalupe
1033;Daniel Alejandro Castro Perez;17000;Albañil;64;M;Soltero;Secundaria;5;Barrio El Rosario
1421;Paula Alejandro Hernandez Castro;18000;Carpintero;24;F;Soltero;Secundaria;5;El Calavario
1186;Lucia Alejandro Flores Hernandez;14500;Cocinero;75;F;Casado;Primaria;5;Colina del Verbo
1303;Mario Alejandro Lopez Torres;18000;Carpintero;66;M;Soltero;Secundaria;5;Barrio Los Pinos
1278;Carlos Alejandro Gonzalez Mendoza;0;Desempleado;21;M;Soltero;Técnico;1;Altamira del Este
1273;Daniel Alejandro Lopez Flores;0;Desempleado;15;M;Soltero;Secundaria;1;San Judas
1211;Paula Alejandro Mendoza Castro;18000;Carpintero;25;F;Soltero;Secundaria;5;Barrio Los Pinos
1421;Paula Alejandro Ruiz Ruiz;8500;Campesino;38;F;Soltero;Preescolar;2;El Calavario
1128;Daniel Alejandro Flores Hernandez;0;Desempleado;11;M;Soltero;Primaria;1;Colina del Verbo
1224;Jose Alejandro Hernandez Torres;12500;Repartidor;68;M;Soltero;Preescolar;2;Barrio El Calvario
1150;Fernanda Alejandro Gonzalez Gonzalez;0;Desempleado;10;F;Soltero;Primaria;3;Barrio 19 de Julio
1202;Daniel Alejandro Mendoza Perez;0;Desempleado;8;M;Soltero;Primaria;1;Barrio Guadalupe
1262;Juan Alejandro Flores Ruiz;0;Desempleado;79;M;Casado;Primaria;4;Colina del Verbo
1440;Paula Alejandro Flores Hernandez;12500;Repartidor;36;F;Soltero;Preescolar;1;Baká
1088;Lucia Alejandro Flores Lopez;17000;Albañil;53;F;Soltero;Secundaria;5;Barrio Guadalupe
1153;Mario Alejandro Martinez Perez;11500;Dependiente de tienda;23;M;Soltero;Técnico;1;Urbanización San Miguel
1127;Paula Alejandro Ruiz Flores;9000;Obrero;74;F;Casado;Primaria;1;María Auxiliadora
1108;Fernanda Alejandro Perez Hernandez;8500;Campesino;67;F;Casado;Primaria;1;San Ramón
1360;Kevin Alejandro Mendoza Perez;0;Desempleado;54;M;Casado;Primaria;5;Urbanización San Miguel
1426;Andres Alejandro Mendoza Hernandez;0;Desempleado;9;M;Soltero;Primaria;1;Monimbó
1500;Maria Alejandro Flores Perez;17000;Albañil;68;F;Soltero;Secundaria;5;Baká
1474;Paula Alejandro Castro Hernandez;18000;Carpintero;43;F;Soltero;Secundaria;5;El Calavario
1132;Ana Alejandro Lopez Gonzalez;21000;Costur`ero;72;F;Soltero;Primaria;1;San Judas
1361;Jose Alejandro Torres Castro;10500;Cajero;58;M;Casado;Técnico;1;San Judas
1003;Maria Alejandro Flores Ruiz;0;Desempleado;11;F;Soltero;Primaria;3;Barrio Arnoldo Alemán
1404;Juan Alejandro Lopez Lopez;12500;Repartidor;22;M;Soltero;Técnico;1;Baká
1362;Luis Alejandro Martinez Mendoza;0;Desempleado;5;M;Soltero;Preescolar;1;Urbanización San Miguel
1201;Kevin Alejandro Mendoza Gonzalez;13500;Barbero;27;M;Soltero;Primaria;5;Barrio Obrero
1350;Ana Alejandro Mendoza Ruiz;11000;Comerciante Informal;61;F;Casado;Preescolar;3;Barrio El Rosario
1391;Sofia Alejandro Lopez Flores;14500;Cocinero;64;F;Soltero;Primaria;3;María Auxiliadora
1262;Mario Alejandro Torres Hernandez;10000;Vendedor;40;M;Soltero;Técnico;1;Colina del Verbo
1021;Kevin Alejandro Castro Castro;0;Desempleado;11;M;Soltero;Primaria;1;Sol de libertad
1395;Mario Alejandro Gonzalez Gonzalez;0;Desempleado;9;M;Soltero;Primaria;2;Urbanización San Miguel
1347;Sofia Alejandro Flores Flores;12000;Trabajador doméstico;20;F;Soltero;Técnico;1;San Ramón
1387;Maria Alejandro Flores Mendoza;0;Desempleado;75;F;Soltero;Primaria;1;Barrio 19 de Julio
1230;Marta Alejandro Ruiz Hernandez;12000;Trabajador doméstico;72;F;Casado;Primaria;1;Barrio 19 de Julio
1406;Maria Alejandro Torres Torres;13500;Barbero;54;F;Soltero;Primaria;4;San Ramón
1354;Kevin Alejandro Martinez Martinez;17000;Albañil;27;M;Soltero;Secundaria;5;Altamira del Este
1156;Camila Alejandro Flores Flores;0;Desempleado;18;F;Soltero;Técnico;1;San Judas
1338;Daniel Alejandro Hernandez Castro;15000;Maestro;64;M;Casado;Universidad;5;19 de Julio
1101;Carlos Alejandro Mendoza Martinez;0;Desempleado;8;M;Soltero;Primaria;1;19 de Julio
1217;Andres Alejandro Ruiz Gonzalez;9000;Obrero;28;M;Soltero;Primaria;4;19 de Julio
1236;Daniel Alejandro Ruiz Castro;11000;Comerciante Informal;41;M;Soltero;Primaria;2;Urbanización San Miguel
1060;Kevin Alejandro Torres Castro;0;Desempleado;3;M;Soltero;Preescolar;3;Barrio El Calvario
1262;Camila Alejandro Torres Torres;11500;Dependiente de tienda;54;F;Casado;Técnico;1;Colina del Verbo
1214;Jose Alejandro Mendoza Gonzalez;14000;Mesero;49;M;Casado;Primaria;3;Colina del Verbo
1427;Maria Alejandro Flores Mendoza;0;Desempleado;75;F;Casado;Preescolar;1;San Ramón
1119;Valeria Alejandro Gonzalez Ruiz;13000;Conductor de taxi;77;F;Casado;Primaria;3;María Auxiliadora
1398;Mario Alejandro Castro Ruiz;9000;Obrero;68;M;Casado;Preescolar;3;Barrio La Cruz
1424;Carlos Alejandro Lopez Perez;14000;Mesero;63;M;Soltero;Primaria;4;19 de Julio
1232;Andres Alejandro Castro Castro;0;Desempleado;63;M;Casado;Primaria;1;Barrio Medardo Andino
1293;Juan Alejandro Torres Lopez;0;Desempleado;43;M;Soltero;Preescolar;1;Colina del Verbo
1224;Ana Alejandro Mendoza Perez;0;Desempleado;74;F;Casado;Primaria;3;Barrio El Calvario
1319;Marta Alejandro Mendoza Torres;9000;Obrero;17;F;Soltero;Secundaria;1;San Judas
1429;Daniel Alejandro Flores Flores;0;Desempleado;15;M;Soltero;Secundaria;1;Monimbó
1495;Kevin Alejandro Ruiz Martinez;18000;Carpintero;59;M;Soltero;Secundaria;5;Monimbó
1236;Valeria Alejandro Lopez Ruiz;0;Desempleado;1;F;Soltero;Preescolar;2;Urbanización San Miguel
1250;Lucia Alejandro Mendoza Martinez;0;Desempleado;65;F;Casado;Preescolar;3;María Auxiliadora
1017;Paula Alejandro Lopez Lopez;13000;Conductor de taxi;33;F;Soltero;Primaria;4;19 de Julio
1304;Fernanda Alejandro Hernandez Torres;13500;Barbero;68;F;Soltero;Primaria;2;Urbanización San Miguel
1319;Maria Alejandro Flores Flores;0;Desempleado;4;F;Soltero;Preescolar;1;San Judas
1429;Andres Alejandro Gonzalez Ruiz;15500;Enfermero;77;M;Casado;Universidad;5;Monimbó
1185;Valeria Alejandro Martinez Castro;0;Desempleado;70;F;Casado;Primaria;1;Barrio Medardo Andino
1031;Marta Alejandro Perez Mendoza;0;Desempleado;54;F;Soltero;Preescolar;3;Barrio La Cruz
1380;Miguel Alejandro Mendoza Ruiz;11000;Comerciante Informal;62;M;Casado;Primaria;5;Urbanización San Miguel
1230;Juan Alejandro Torres Flores;21000;Costur`ero;21;M;Soltero;Técnico;1;Barrio 19 de Julio
1271;Carlos Alejandro Martinez Gonzalez;12000;Trabajador doméstico;39;M;Soltero;Preescolar;3;Barrio Medardo Andino
1296;Marta Alejandro Lopez Flores;0;Desempleado;77;F;Casado;Primaria;5;Urbanización San Miguel
1062;Elena Alejandro Perez Flores;0;Desempleado;67;F;Casado;Primaria;5;Colina del Verbo
1078;Kevin Alejandro Ruiz Mendoza;0;Desempleado;9;M;Soltero;Primaria;3;Monimbó
1294;Elena Alejandro Perez Hernandez;0;Desempleado;16;F;Soltero;Secundaria;1;María Auxiliadora
1215;Miguel Alejandro Mendoza Martinez;0;Desempleado;51;M;Soltero;Preescolar;2;Sol de libertad
1078;Fernanda Alejandro Lopez Mendoza;0;Desempleado;11;F;Soltero;Primaria;1;Monimbó
1347;Daniel Alejandro Castro Mendoza;12500;Repartidor;66;M;Casado;Preescolar;2;San Ramón
1117;Marta Alejandro Ruiz Lopez;12500;Repartidor;20;F;Soltero;Técnico;1;Barrio Arnoldo Alemán
1428;Andres Alejandro Lopez Mendoza;0;Desempleado;24;M;Soltero;Preescolar;2;Barrio El Calvario
1455;Marta Alejandro Castro Ruiz;12000;Trabajador doméstico;60;F;Soltero;Preescolar;2;Baká
1096;Juan Alejandro Flores Lopez;14500;Cocinero;72;M;Casado;Preescolar;2;Barrio Obrero
1368;Sofia Alejandro Martinez Torres;16000;Médico general;47;F;Soltero;Universidad;5;María Auxiliadora
1151;Kevin Alejandro Mendoza Gonzalez;19000;Electricista;65;M;Casado;Secundaria;5;San Judas
1411;Valeria Alejandro Castro Gonzalez;0;Desempleado;52;F;Soltero;Primaria;5;Altamira del Este
1061;Daniel Alejandro Flores Torres;10500;Cajero;33;M;Soltero;Técnico;1;Barrio 19 de Julio
1431;Marta Alejandro Lopez Torres;0;Desempleado;3;F;Soltero;Preescolar;1;Barrio El Rosario
1082;Marta Alejandro Gonzalez Mendoza;10000;Vendedor;52;F;Casado;Técnico;1;Barrio Guadalupe
1267;Kevin Alejandro Mendoza Mendoza;12500;Repartidor;73;M;Casado;Primaria;1;San Ramón
1392;Miguel Alejandro Hernandez Martinez;0;Desempleado;60;M;Casado;Preescolar;1;Barrio Arnoldo Alemán
1086;Jose Alejandro Ruiz Torres;9500;Técnico Agropecuario;20;M;Soltero;Técnico;3;Barrio Guadalupe
1123;Valeria Alejandro Castro Torres;0;Desempleado;46;F;Casado;Primaria;2;Monimbó
1135;Maria Alejandro Castro Mendoza;0;Desempleado;20;F;Soltero;Técnico;1;Monimbó
1169;Juan Alejandro Lopez Perez;17000;Albañil;36;M;Soltero;Secundaria;5;Barrio Medardo Andino
1269;Jose Alejandro Lopez Martinez;14500;Cocinero;20;M;Casado;Técnico;1;Barrio El Calvario
1221;Luis Alejandro Castro Gonzalez;9000;Obrero;50;M;Soltero;Preescolar;1;Barrio El Rosario
1428;Andres Alejandro Ruiz Flores;0;Desempleado;11;M;Soltero;Primaria;4;Barrio El Calvario
1263;Maria Alejandro Perez Flores;21000;Costur`ero;29;F;Soltero;Preescolar;1;Barrio El Calvario
1340;Marta Alejandro Martinez Gonzalez;17000;Albañil;52;F;Soltero;Secundaria;5;Barrio Arnoldo Alemán
1253;Camila Alejandro Torres Lopez;0;Desempleado;37;F;Soltero;Primaria;4;Baká
1032;Jose Alejandro Lopez Martinez;10500;Cajero;48;M;Casado;Técnico;1;Barrio La Cruz
1139;Miguel Alejandro Gonzalez Lopez;11000;Comerciante Informal;80;M;Casado;Primaria;3;Barrio Obrero
1236;Juan Alejandro Castro Lopez;21000;Costur`ero;18;M;Soltero;Técnico;1;Urbanización San Miguel
1213;Andres Alejandro Gonzalez Perez;10000;Vendedor;54;M;Casado;Técnico;1;Barrio Medardo Andino
1436;Mario Alejandro Flores Flores;0;Desempleado;3;M;Soltero;Preescolar;1;Barrio La Cruz
1023;Fernanda Alejandro Ruiz Castro;0;Desempleado;17;F;Soltero;Secundaria;1;Baká
1054;Luis Alejandro Lopez Torres;0;Desempleado;8;M;Soltero;Primaria;2;Barrio Obrero
1072;Luis Alejandro Ruiz Torres;21000;Costur`ero;31;M;Soltero;Preescolar;3;Colina del Verbo
1092;Paula Alejandro Castro Mendoza;0;Desempleado;8;F;Soltero;Primaria;3;Barrio Arnoldo Alemán
1018;Paula Alejandro Lopez Hernandez;12000;Trabajador doméstico;74;F;Casado;Primaria;4;El Calavario
1292;Sofia Alejandro Gonzalez Torres;0;Desempleado;31;F;Casado;Preescolar;3;Barrio El Rosario
1219;Paula Alejandro Perez Martinez;13500;Barbero;29;F;Soltero;Primaria;4;María Auxiliadora
1368;Carlos Alejandro Gonzalez Mendoza;17000;Albañil;56;M;Soltero;Secundaria;5;María Auxiliadora
1058;Kevin Alejandro Martinez Torres;11000;Comerciante Informal;33;M;Soltero;Primaria;4;Barrio Medardo Andino
1413;Miguel Alejandro Perez Flores;13500;Barbero;40;M;Soltero;Primaria;2;Barrio Medardo Andino
1366;Miguel Alejandro Flores Flores;17000;Albañil;44;M;Casado;Secundaria;5;El Calavario
1110;Marta Alejandro Flores Gonzalez;18000;Carpintero;59;F;Soltero;Secundaria;5;Barrio Guadalupe
1349;Maria Alejandro Gonzalez Perez;21000;Costur`ero;33;F;Soltero;Preescolar;3;Altamira del Este
1181;Camila Alejandro Perez Lopez;13000;Conductor de taxi;70;F;Casado;Preescolar;3;19 de Julio
1316;Daniel Alejandro Gonzalez Flores;11000;Comerciante Informal;63;M;Soltero;Primaria;4;Colina del Verbo
1358;Elena Alejandro Martinez Gonzalez;0;Desempleado;10;F;Soltero;Primaria;1;Barrio La Cruz
1241;Paula Alejandro Flores Mendoza;9000;Obrero;44;F;Casado;Preescolar;1;19 de Julio
1102;Kevin Alejandro Hernandez Hernandez;0;Desempleado;3;M;Soltero;Preescolar;1;San Ramón
1198;Juan Alejandro Ruiz Mendoza;8500;Campesino;40;M;Casado;Primaria;5;Barrio Arnoldo Alemán
1213;Juan Alejandro Castro Hernandez;0;Desempleado;37;M;Soltero;Primaria;5;Barrio Medardo Andino
1084;Paula Alejandro Perez Gonzalez;13500;Barbero;28;F;Soltero;Preescolar;3;El Calavario
1384;Paula Alejandro Perez Perez;0;Desempleado;24;F;Soltero;Primaria;1;Altamira del Este
1136;Sofia Alejandro Martinez Castro;15000;Maestro;38;F;Soltero;Universidad;5;Barrio El Rosario
1083;Miguel Alejandro Gonzalez Castro;11000;Comerciante Informal;40;M;Soltero;Primaria;3;Sol de libertad
1143;Paula Alejandro Ruiz Ruiz;9500;Técnico Agropecuario;38;F;Soltero;Técnico;3;Barrio Medardo Andino
1408;Mario Alejandro Gonzalez Lopez;0;Desempleado;53;M;Soltero;Preescolar;1;Barrio Arnoldo Alemán
1056;Miguel Alejandro Perez Ruiz;0;Desempleado;4;M;Soltero;Preescolar;1;19 de Julio
1054;Juan Alejandro Perez Lopez;0;Desempleado;9;M;Soltero;Primaria;1;Barrio Obrero
1098;Sofia Alejandro Castro Torres;18000;Carpintero;38;F;Soltero;Secundaria;5;Monimbó
1498;Valeria Alejandro Martinez Gonzalez;9000;Obrero;26;F;Soltero;Preescolar;1;Barrio El Calvario
1456;Maria Alejandro Gonzalez Torres;12000;Trabajador doméstico;51;F;Casado;Preescolar;3;Barrio La Cruz
1328;Andres Alejandro Torres Flores;21000;Costur`ero;78;M;Casado;Primaria;3;Barrio La Cruz
1304;Luis Alejandro Gonzalez Castro;0;Desempleado;78;M;Soltero;Preescolar;1;Urbanización San Miguel
1146;Kevin Alejandro Martinez Gonzalez;17000;Albañil;75;M;Casado;Secundaria;5;Barrio Obrero
1470;Luis Alejandro Mendoza Mendoza;0;Desempleado;68;M;Casado;Preescolar;2;San Ramón
1311;Kevin Alejandro Martinez Martinez;8500;Campesino;14;M;Soltero;Secundaria;1;El Calavario
1131;Daniel Alejandro Lopez Torres;11000;Comerciante Informal;49;M;Casado;Preescolar;2;El Calavario
1488;Fernanda Alejandro Mendoza Lopez;11500;Dependiente de tienda;16;F;Soltero;Técnico;1;Barrio La Cruz
1211;Lucia Alejandro Torres Lopez;12500;Repartidor;61;F;Casado;Primaria;5;Barrio Los Pinos
1366;Jose Alejandro Lopez Lopez;0;Desempleado;27;M;Soltero;Primaria;2;El Calavario
1490;Lucia Alejandro Ruiz Torres;0;Desempleado;11;F;Soltero;Primaria;5;Colina del Verbo
1353;Jose Alejandro Flores Castro;0;Desempleado;8;M;Soltero;Primaria;1;Barrio Guadalupe
1034;Carlos Alejandro Torres Flores;19000;Electricista;71;M;Casado;Secundaria;5;El Calavario
1107;Carlos Alejandro Flores Lopez;16000;Médico general;75;M;Soltero;Universidad;5;Barrio Guadalupe
1400;Jose Alejandro Flores Torres;19000;Electricista;40;M;Soltero;Secundaria;5;Barrio Guadalupe
1428;Jose Alejandro Lopez Perez;10000;Vendedor;15;M;Soltero;Técnico;1;Barrio El Calvario
1476;Luis Alejandro Castro Castro;0;Desempleado;70;M;Casado;Primaria;2;María Auxiliadora
1218;Paula Alejandro Hernandez Perez;11000;Comerciante Informal;44;F;Soltero;Primaria;5;Barrio Los Pinos
1391;Carlos Alejandro Perez Torres;14000;Mesero;65;M;Casado;Primaria;2;María Auxiliadora
1218;Juan Alejandro Flores Lopez;0;Desempleado;11;M;Soltero;Primaria;1;Barrio Los Pinos
1248;Camila Alejandro Torres Hernandez;18000;Carpintero;37;F;Soltero;Secundaria;5;Barrio Arnoldo Alemán
1004;Juan Alejandro Perez Gonzalez;14500;Cocinero;44;M;Soltero;Preescolar;3;Barrio Medardo Andino
1264;Luis Alejandro Mendoza Gonzalez;0;Desempleado;74;M;Soltero;Preescolar;2;El Calavario
1045;Kevin Alejandro Lopez Flores;21000;Costur`ero;43;M;Soltero;Primaria;1;San Judas
1214;Marta Alejandro Martinez Flores;0;Desempleado;56;F;Casado;Preescolar;2;Colina del Verbo
1217;Miguel Alejandro Flores Lopez;0;Desempleado;80;M;Casado;Primaria;4;19 de Julio
1110;Sofia Alejandro Mendoza Martinez;0;Desempleado;80;F;Casado;Preescolar;2;Barrio Guadalupe
1224;Andres Alejandro Flores Flores;12000;Trabajador doméstico;69;M;Soltero;Primaria;3;Barrio El Calvario
1272;Valeria Alejandro Hernandez Torres;10500;Cajero;25;F;Soltero;Técnico;1;Barrio Los Pinos
1143;Andres Alejandro Martinez Mendoza;17000;Albañil;78;M;Casado;Secundaria;5;Barrio Medardo Andino
1359;Valeria Alejandro Perez Castro;11000;Comerciante Informal;69;F;Casado;Preescolar;2;Barrio La Cruz
1016;Fernanda Alejandro Lopez Ruiz;0;Desempleado;5;F;Soltero;Preescolar;1;Barrio La Cruz
1075;Luis Alejandro Mendoza Castro;0;Desempleado;9;M;Soltero;Primaria;2;19 de Julio
1266;Carlos Alejandro Torres Ruiz;19000;Electricista;57;M;Soltero;Secundaria;5;Barrio Guadalupe
1355;Pedro Alejandro Hernandez Hernandez;0;Desempleado;69;M;Casado;Primaria;2;Colina del Verbo
1475;Paula Alejandro Gonzalez Flores;15500;Enfermero;72;F;Soltero;Universidad;5;Barrio Arnoldo Alemán
1237;Mario Alejandro Flores Gonzalez;0;Desempleado;77;M;Casado;Primaria;1;Barrio Obrero
1411;Andres Alejandro Ruiz Castro;0;Desempleado;19;M;Soltero;Técnico;1;Altamira del Este
1357;Carlos Alejandro Perez Martinez;0;Desempleado;75;M;Casado;Primaria;2;Urbanización San Miguel
1184;Kevin Alejandro Mendoza Gonzalez;11000;Comerciante Informal;76;M;Casado;Preescolar;1;Barrio Obrero
1047;Ana Alejandro Perez Hernandez;10500;Cajero;55;F;Soltero;Técnico;1;Barrio El Calvario
1316;Marta Alejandro Mendoza Torres;0;Desempleado;64;F;Casado;Primaria;4;Colina del Verbo
1358;Miguel Alejandro Perez Torres;0;Desempleado;49;M;Casado;Preescolar;1;Barrio La Cruz
1352;Marta Alejandro Hernandez Ruiz;0;Desempleado;70;F;Casado;Preescolar;1;Barrio Arnoldo Alemán
1107;Carlos Alejandro Lopez Hernandez;13500;Barbero;36;M;Soltero;Primaria;1;Barrio Guadalupe
1202;Jose Alejandro Lopez Perez;10500;Cajero;57;M;Soltero;Técnico;1;Barrio Guadalupe
1269;Jose Alejandro Torres Perez;0;Desempleado;9;M;Soltero;Primaria;2;Barrio El Calvario
1142;Pedro Alejandro Gonzalez Torres;0;Desempleado;76;M;Casado;Preescolar;1;Monimbó
1293;Kevin Alejandro Torres Castro;15500;Enfermero;27;M;Soltero;Universidad;5;Colina del Verbo
1164;Kevin Alejandro Torres Martinez;21000;Costur`ero;67;M;Casado;Primaria;2;San Ramón
1312;Ana Alejandro Lopez Mendoza;0;Desempleado;23;F;Soltero;Primaria;5;Barrio Los Pinos
1400;Luis Alejandro Gonzalez Mendoza;11000;Comerciante Informal;74;M;Casado;Primaria;3;Barrio Guadalupe
1190;Paula Alejandro Lopez Martinez;13500;Barbero;46;F;Soltero;Primaria;4;El Calavario
1155;Elena Alejandro Gonzalez Hernandez;13000;Conductor de taxi;29;F;Soltero;Primaria;1;Colina del Verbo
1022;Lucia Alejandro Castro Torres;16000;Médico general;37;F;Soltero;Universidad;5;San Judas
1217;Pedro Alejandro Perez Mendoza;0;Desempleado;4;M;Soltero;Preescolar;3;19 de Julio
1351;Ana Alejandro Castro Lopez;0;Desempleado;4;F;Soltero;Preescolar;1;El Calavario
1427;Juan Alejandro Hernandez Hernandez;10500;Cajero;69;M;Casado;Técnico;1;San Ramón
1424;Fernanda Alejandro Gonzalez Martinez;0;Desempleado;7;F;Soltero;Primaria;3;19 de Julio
1042;Pedro Alejandro Martinez Mendoza;0;Desempleado;27;M;Soltero;Preescolar;2;Colina del Verbo
1499;Juan Alejandro Torres Perez;14500;Cocinero;29;M;Soltero;Preescolar;1;Urbanización San Miguel
1281;Juan Alejandro Torres Martinez;0;Desempleado;10;M;Soltero;Primaria;1;Barrio Los Pinos
1468;Elena Alejandro Hernandez Martinez;0;Desempleado;8;F;Soltero;Primaria;1;Barrio 19 de Julio
1299;Carlos Alejandro Martinez Hernandez;0;Desempleado;22;M;Soltero;Técnico;1;Sol de libertad
1110;Sofia Alejandro Hernandez Torres;0;Desempleado;8;F;Soltero;Primaria;1;Barrio Guadalupe
1493;Fernanda Alejandro Gonzalez Castro;15000;Maestro;45;F;Casado;Universidad;5;Barrio Medardo Andino
1469;Paula Alejandro Flores Gonzalez;0;Desempleado;24;F;Casado;Preescolar;3;Barrio El Rosario
1304;Luis Alejandro Flores Martinez;13000;Conductor de taxi;61;M;Soltero;Preescolar;3;Urbanización San Miguel
1263;Carlos Alejandro Flores Torres;0;Desempleado;17;M;Soltero;Secundaria;1;Barrio El Calvario
1234;Fernanda Alejandro Flores Ruiz;21000;Costur`ero;21;F;Casado;Técnico;1;Altamira del Este
1228;Fernanda Alejandro Ruiz Lopez;9000;Obrero;55;F;Soltero;Primaria;4;Barrio Arnoldo Alemán
1490;Sofia Alejandro Ruiz Castro;9000;Obrero;32;F;Casado;Preescolar;2;Colina del Verbo
1030;Marta Alejandro Castro Perez;0;Desempleado;32;F;Soltero;Preescolar;1;Barrio La Cruz
1237;Fernanda Alejandro Torres Perez;19000;Electricista;28;F;Soltero;Secundaria;5;Barrio Obrero
1359;Kevin Alejandro Hernandez Torres;14000;Mesero;19;M;Soltero;Técnico;1;Barrio La Cruz
1352;Mario Alejandro Torres Lopez;0;Desempleado;5;M;Soltero;Preescolar;1;Barrio Arnoldo Alemán
1376;Pedro Alejandro Hernandez Martinez;0;Desempleado;6;M;Soltero;Primaria;1;Barrio Arnoldo Alemán
1268;Elena Alejandro Perez Gonzalez;13500;Barbero;79;F;Casado;Primaria;1;Altamira del Este
1189;Daniel Alejandro Ruiz Castro;19000;Electricista;30;M;Soltero;Secundaria;5;Barrio Los Pinos
1204;Jose Alejandro Gonzalez Torres;9000;Obrero;21;M;Soltero;Técnico;1;Barrio Arnoldo Alemán
1078;Mario Alejandro Perez Martinez;0;Desempleado;15;M;Soltero;Secundaria;1;Monimbó
1157;Maria Alejandro Torres Perez;10000;Vendedor;29;F;Casado;Técnico;1;Baká
1277;Paula Alejandro Hernandez Gonzalez;0;Desempleado;61;F;Soltero;Preescolar;3;Colina del Verbo
1075;Carlos Alejandro Perez Martinez;14500;Cocinero;19;M;Soltero;Técnico;1;19 de Julio
1313;Carlos Alejandro Ruiz Martinez;10000;Vendedor;40;M;Soltero;Técnico;1;Altamira del Este
1307;Jose Alejandro Hernandez Mendoza;0;Desempleado;7;M;Soltero;Primaria;4;Barrio 19 de Julio
1135;Luis Alejandro Hernandez Flores;0;Desempleado;33;M;Soltero;Primaria;1;Monimbó
1199;Daniel Alejandro Mendoza Flores;0;Desempleado;33;M;Casado;Preescolar;2;Colina del Verbo
1129;Daniel Alejandro Hernandez Flores;11000;Comerciante Informal;74;M;Casado;Primaria;4;Barrio Medardo Andino
1286;Maria Alejandro Gonzalez Ruiz;9500;Técnico Agropecuario;24;F;Casado;Técnico;3;Altamira del Este
1296;Sofia Alejandro Ruiz Mendoza;11000;Comerciante Informal;36;F;Soltero;Primaria;1;Urbanización San Miguel
1449;Pedro Alejandro Torres Castro;0;Desempleado;21;M;Soltero;Técnico;1;Barrio Medardo Andino
1183;Kevin Alejandro Mendoza Gonzalez;12000;Trabajador doméstico;35;M;Soltero;Primaria;5;Barrio Obrero
1165;Sofia Alejandro Martinez Castro;0;Desempleado;52;F;Casado;Primaria;2;Barrio El Rosario
1056;Valeria Alejandro Castro Hernandez;17000;Albañil;22;F;Soltero;Secundaria;5;19 de Julio
1120;Jose Alejandro Martinez Torres;0;Desempleado;9;M;Soltero;Primaria;1;Barrio Guadalupe
1092;Ana Alejandro Hernandez Ruiz;0;Desempleado;73;F;Casado;Primaria;5;Barrio Arnoldo Alemán
1266;Carlos Alejandro Martinez Lopez;9000;Obrero;74;M;Casado;Preescolar;2;Barrio Guadalupe
1469;Luis Alejandro Ruiz Mendoza;8500;Campesino;68;M;Casado;Primaria;5;Barrio El Rosario
1287;Jose Alejandro Ruiz Torres;0;Desempleado;18;M;Soltero;Técnico;1;Barrio La Cruz
1033;Miguel Alejandro Hernandez Martinez;14500;Cocinero;71;M;Soltero;Preescolar;2;Barrio El Rosario
1213;Luis Alejandro Flores Lopez;10000;Vendedor;43;M;Soltero;Técnico;1;Barrio Medardo Andino
1264;Andres Alejandro Castro Perez;18000;Carpintero;16;M;Soltero;Secundaria;5;El Calavario
1274;Sofia Alejandro Hernandez Mendoza;0;Desempleado;10;F;Soltero;Primaria;3;San Ramón
1035;Valeria Alejandro Torres Mendoza;11500;Dependiente de tienda;52;F;Soltero;Técnico;1;19 de Julio
1340;Jose Alejandro Perez Torres;9500;Técnico Agropecuario;50;M;Casado;Técnico;3;Barrio Arnoldo Alemán
1460;Jose Alejandro Lopez Castro;11000;Comerciante Informal;33;M;Soltero;Preescolar;2;San Ramón
1033;Elena Alejandro Ruiz Martinez;9000;Obrero;17;F;Soltero;Secundaria;1;Barrio El Rosario
1413;Carlos Alejandro Martinez Hernandez;0;Desempleado;13;M;Soltero;Secundaria;1;Barrio Medardo Andino
1195;Sofia Alejandro Torres Lopez;0;Desempleado;15;F;Soltero;Secundaria;1;Barrio El Rosario
1210;Maria Alejandro Castro Gonzalez;0;Desempleado;79;F;Casado;Preescolar;3;Colina del Verbo
1196;Elena Alejandro Castro Castro;9000;Obrero;22;F;Casado;Técnico;1;Barrio Arnoldo Alemán
1111;Maria Alejandro Torres Gonzalez;0;Desempleado;3;F;Soltero;Preescolar;1;Colina del Verbo
1009;Maria Alejandro Hernandez Martinez;0;Desempleado;71;F;Casado;Primaria;3;Barrio Arnoldo Alemán
1010;Elena Alejandro Gonzalez Perez;15000;Maestro;34;F;Soltero;Universidad;5;Barrio Guadalupe
1224;Mario Alejandro Hernandez Hernandez;0;Desempleado;75;M;Casado;Preescolar;2;Barrio El Calvario
1278;Juan Alejandro Castro Gonzalez;13000;Conductor de taxi;68;M;Casado;Preescolar;1;Altamira del Este
1257;Camila Alejandro Ruiz Martinez;11000;Comerciante Informal;51;F;Casado;Primaria;3;Barrio Guadalupe
1298;Andres Alejandro Torres Perez;0;Desempleado;10;M;Soltero;Primaria;4;Sol de libertad
1105;Daniel Alejandro Flores Flores;8500;Campesino;56;M;Soltero;Preescolar;3;Barrio 19 de Julio
1300;Daniel Alejandro Mendoza Castro;19000;Electricista;75;M;Casado;Secundaria;5;María Auxiliadora
1160;Mario Alejandro Hernandez Perez;10500;Cajero;34;M;Casado;Técnico;1;San Ramón
1121;Daniel Alejandro Ruiz Castro;0;Desempleado;11;M;Soltero;Primaria;1;Barrio La Cruz
1131;Paula Alejandro Gonzalez Ruiz;18000;Carpintero;49;F;Casado;Secundaria;5;El Calavario
1034;Fernanda Alejandro Ruiz Ruiz;0;Desempleado;6;F;Soltero;Primaria;5;El Calavario
1365;Daniel Alejandro Perez Perez;18000;Carpintero;47;M;Soltero;Secundaria;5;Barrio Los Pinos
1433;Mario Alejandro Mendoza Torres;0;Desempleado;3;M;Soltero;Preescolar;1;Barrio Guadalupe
1100;Andres Alejandro Mendoza Hernandez;0;Desempleado;51;M;Soltero;Preescolar;2;Barrio El Calvario
1466;Sofia Alejandro Torres Gonzalez;11500;Dependiente de tienda;39;F;Casado;Técnico;1;Barrio Los Pinos
1018;Andres Alejandro Lopez Ruiz;0;Desempleado;9;M;Soltero;Primaria;1;El Calavario
1379;Luis Alejandro Martinez Perez;0;Desempleado;54;M;Soltero;Preescolar;2;María Auxiliadora
1209;Pedro Alejandro Ruiz Flores;10500;Cajero;56;M;Casado;Técnico;1;Barrio El Calvario
1227;Lucia Alejandro Castro Gonzalez;13000;Conductor de taxi;49;F;Casado;Primaria;3;María Auxiliadora
1244;Marta Alejandro Martinez Hernandez;0;Desempleado;72;F;Casado;Preescolar;3;Monimbó
1400;Pedro Alejandro Martinez Flores;11500;Dependiente de tienda;52;M;Soltero;Técnico;1;Barrio Guadalupe
1446;Carlos Alejandro Martinez Gonzalez;19000;Electricista;35;M;Soltero;Secundaria;5;El Calavario
1412;Andres Alejandro Flores Hernandez;10500;Cajero;34;M;Soltero;Técnico;1;Barrio El Calvario
1215;Juan Alejandro Hernandez Lopez;12500;Repartidor;45;M;Soltero;Primaria;3;Sol de libertad
1147;Kevin Alejandro Hernandez Perez;12000;Trabajador doméstico;70;M;Soltero;Primaria;3;San Judas
1453;Fernanda Alejandro Perez Flores;0;Desempleado;61;F;Soltero;Primaria;2;El Calavario
1019;Andres Alejandro Torres Flores;12500;Repartidor;79;M;Casado;Primaria;2;Barrio 19 de Julio
1131;Mario Alejandro Mendoza Martinez;0;Desempleado;9;M;Soltero;Primaria;1;El Calavario
1130;Juan Alejandro Castro Martinez;0;Desempleado;63;M;Casado;Primaria;4;Barrio Obrero
1164;Lucia Alejandro Ruiz Torres;0;Desempleado;1;F;Soltero;Preescolar;3;San Ramón
1462;Paula Alejandro Perez Lopez;0;Desempleado;7;F;Soltero;Primaria;1;San Ramón
1162;Sofia Alejandro Gonzalez Hernandez;11000;Comerciante Informal;30;F;Casado;Primaria;1;Monimbó
1219;Fernanda Alejandro Ruiz Perez;10000;Vendedor;21;F;Soltero;Técnico;1;María Auxiliadora
1143;Elena Alejandro Mendoza Mendoza;0;Desempleado;41;F;Casado;Primaria;5;Barrio Medardo Andino
1259;Daniel Alejandro Torres Ruiz;21000;Costur`ero;59;M;Soltero;Primaria;2;Barrio La Cruz
1080;Maria Alejandro Ruiz Hernandez;10500;Cajero;35;F;Soltero;Técnico;1;Barrio Los Pinos
1057;Ana Alejandro Martinez Ruiz;9000;Obrero;63;F;Soltero;Preescolar;2;María Auxiliadora
1078;Fernanda Alejandro Hernandez Mendoza;12500;Repartidor;36;F;Casado;Primaria;4;Monimbó
1113;Pedro Alejandro Flores Ruiz;11500;Dependiente de tienda;30;M;Soltero;Técnico;1;Monimbó
1442;Miguel Alejandro Torres Ruiz;11000;Comerciante Informal;56;M;Casado;Primaria;3;Colina del Verbo
1039;Kevin Alejandro Martinez Mendoza;13500;Barbero;77;M;Casado;Primaria;1;Sol de libertad
1484;Kevin Alejandro Gonzalez Martinez;21000;Costur`ero;67;M;Casado;Primaria;3;El Calavario
1015;Jose Alejandro Perez Castro;11000;Comerciante Informal;63;M;Casado;Primaria;5;Barrio Guadalupe
1313;Andres Alejandro Ruiz Perez;9000;Obrero;76;M;Casado;Primaria;5;Altamira del Este
1437;Maria Alejandro Martinez Mendoza;11000;Comerciante Informal;22;F;Soltero;Técnico;1;Barrio Guadalupe
1262;Mario Alejandro Perez Mendoza;12500;Repartidor;73;M;Soltero;Primaria;1;Colina del Verbo
1047;Luis Alejandro Perez Torres;19000;Electricista;68;M;Soltero;Secundaria;5;Barrio El Calvario
1499;Mario Alejandro Flores Castro;0;Desempleado;4;M;Soltero;Preescolar;1;Urbanización San Miguel
1367;Carlos Alejandro Castro Ruiz;0;Desempleado;41;M;Casado;Preescolar;2;Barrio Guadalupe
1182;Valeria Alejandro Perez Hernandez;0;Desempleado;9;F;Soltero;Primaria;5;Barrio El Rosario
1259;Pedro Alejandro Perez Lopez;15500;Enfermero;74;M;Casado;Universidad;5;Barrio La Cruz
1331;Carlos Alejandro Ruiz Ruiz;0;Desempleado;45;M;Casado;Preescolar;1;Barrio El Calvario
1070;Valeria Alejandro Torres Lopez;0;Desempleado;7;F;Soltero;Primaria;1;Barrio Los Pinos
1189;Valeria Alejandro Flores Hernandez;0;Desempleado;75;F;Soltero;Primaria;3;Barrio Los Pinos
1433;Marta Alejandro Lopez Perez;13500;Barbero;18;F;Soltero;Técnico;1;Barrio Guadalupe
1103;Mario Alejandro Flores Ruiz;9000;Obrero;73;M;Casado;Primaria;5;Barrio Medardo Andino
1431;Carlos Alejandro Martinez Gonzalez;15000;Maestro;74;M;Casado;Universidad;5;Barrio El Rosario
1323;Ana Alejandro Mendoza Hernandez;0;Desempleado;35;F;Casado;Preescolar;1;Baká
1109;Juan Alejandro Martinez Martinez;13000;Conductor de taxi;49;M;Casado;Primaria;1;Sol de libertad
1497;Elena Alejandro Hernandez Torres;8500;Campesino;46;F;Soltero;Primaria;3;Colina del Verbo
1105;Elena Alejandro Perez Torres;13500;Barbero;42;F;Soltero;Preescolar;3;Barrio 19 de Julio
1065;Marta Alejandro Perez Gonzalez;0;Desempleado;1;F;Soltero;Preescolar;1;Barrio Obrero
1059;Daniel Alejandro Flores Mendoza;9000;Obrero;46;M;Soltero;Primaria;2;Monimbó
1057;Jose Alejandro Lopez Gonzalez;13000;Conductor de taxi;50;M;Soltero;Primaria;1;María Auxiliadora
1500;Juan Alejandro Perez Hernandez;17000;Albañil;80;M;Casado;Secundaria;5;Baká
1071;Kevin Alejandro Perez Ruiz;0;Desempleado;14;M;Soltero;Secundaria;1;Barrio Guadalupe
1420;Pedro Alejandro Castro Lopez;14500;Cocinero;34;M;Soltero;Primaria;5;María Auxiliadora
1098;Fernanda Alejandro Ruiz Torres;11500;Dependiente de tienda;61;F;Soltero;Técnico;1;Monimbó
1133;Maria Alejandro Lopez Mendoza;19000;Electricista;14;F;Soltero;Secundaria;5;Colina del Verbo
1396;Sofia Alejandro Mendoza Lopez;0;Desempleado;2;F;Soltero;Preescolar;1;Altamira del Este
1473;Pedro Alejandro Mendoza Mendoza;11500;Dependiente de tienda;66;M;Casado;Técnico;1;Sol de libertad
1198;Lucia Alejandro Torres Flores;0;Desempleado;1;F;Soltero;Preescolar;2;Barrio Arnoldo Alemán
1465;Maria Alejandro Hernandez Lopez;0;Desempleado;56;F;Casado;Primaria;2;19 de Julio
1093;Carlos Alejandro Mendoza Perez;14500;Cocinero;46;M;Soltero;Primaria;2;Barrio Guadalupe
1450;Jose Alejandro Mendoza Hernandez;12000;Trabajador doméstico;39;M;Soltero;Preescolar;1;Monimbó
1301;Fernanda Alejandro Torres Mendoza;0;Desempleado;31;F;Soltero;Preescolar;3;Barrio Los Pinos
1184;Paula Alejandro Hernandez Mendoza;12500;Repartidor;59;F;Casado;Primaria;3;Barrio Obrero
1075;Elena Alejandro Castro Martinez;14000;Mesero;65;F;Casado;Primaria;2;19 de Julio
1338;Daniel Alejandro Hernandez Torres;19000;Electricista;24;M;Soltero;Secundaria;5;19 de Julio
1218;Valeria Alejandro Castro Perez;14000;Mesero;49;F;Casado;Primaria;5;Barrio Los Pinos
1479;Carlos Alejandro Torres Hernandez;17000;Albañil;56;M;Casado;Secundaria;5;Altamira del Este
1266;Sofia Alejandro Gonzalez Hernandez;0;Desempleado;36;F;Casado;Preescolar;3;Barrio Guadalupe
1191;Maria Alejandro Perez Torres;15500;Enfermero;24;F;Soltero;Universidad;5;Barrio Guadalupe
1093;Luis Alejandro Hernandez Hernandez;0;Desempleado;54;M;Casado;Preescolar;1;Barrio Guadalupe
1016;Mario Alejandro Torres Torres;16000;Médico general;66;M;Casado;Universidad;5;Barrio La Cruz
1047;Kevin Alejandro Torres Gonzalez;10500;Cajero;52;M;Soltero;Técnico;1;Barrio El Calvario
1189;Marta Alejandro Hernandez Ruiz;0;Desempleado;38;F;Soltero;Preescolar;3;Barrio Los Pinos
1085;Miguel Alejandro Flores Flores;0;Desempleado;17;M;Soltero;Secundaria;1;Baká
1247;Miguel Alejandro Ruiz Torres;0;Desempleado;17;M;Soltero;Secundaria;1;Colina del Verbo
1040;Valeria Alejandro Lopez Flores;10500;Cajero;42;F;Casado;Técnico;1;Barrio Arnoldo Alemán
1320;Ana Alejandro Ruiz Flores;12000;Trabajador doméstico;43;F;Soltero;Preescolar;2;Altamira del Este
1219;Maria Alejandro Mendoza Perez;0;Desempleado;74;F;Casado;Preescolar;3;María Auxiliadora
1052;Camila Alejandro Ruiz Torres;11500;Dependiente de tienda;25;F;Casado;Técnico;1;19 de Julio
1416;Jose Alejandro Torres Martinez;0;Desempleado;46;M;Soltero;Preescolar;1;San Ramón
1500;Elena Alejandro Gonzalez Gonzalez;12000;Trabajador doméstico;71;F;Casado;Primaria;4;Baká
1346;Marta Alejandro Gonzalez Flores;13500;Barbero;37;F;Soltero;Primaria;4;Barrio Obrero
1466;Pedro Alejandro Castro Ruiz;0;Desempleado;4;M;Soltero;Preescolar;1;Barrio Los Pinos
1392;Jose Alejandro Ruiz Hernandez;10500;Cajero;56;M;Soltero;Técnico;1;Barrio Arnoldo Alemán
1044;Ana Alejandro Castro Lopez;9500;Técnico Agropecuario;58;F;Soltero;Técnico;3;Barrio El Calvario
1019;Daniel Alejandro Torres Castro;0;Desempleado;68;M;Soltero;Primaria;2;Barrio 19 de Julio
1138;Lucia Alejandro Flores Lopez;14500;Cocinero;30;F;Soltero;Primaria;2;Baká
1253;Daniel Alejandro Martinez Hernandez;0;Desempleado;5;M;Soltero;Preescolar;1;Baká
1305;Pedro Alejandro Torres Mendoza;0;Desempleado;3;M;Soltero;Preescolar;1;Monimbó
1225;Maria Alejandro Mendoza Lopez;12000;Trabajador doméstico;45;F;Soltero;Primaria;3;Monimbó
1089;Luis Alejandro Gonzalez Torres;9500;Técnico Agropecuario;54;M;Soltero;Técnico;3;Barrio 19 de Julio
1416;Mario Alejandro Lopez Mendoza;9000;Obrero;68;M;Casado;Primaria;4;San Ramón
1260;Jose Alejandro Gonzalez Perez;17000;Albañil;53;M;Soltero;Secundaria;5;Barrio El Rosario
1078;Luis Alejandro Mendoza Martinez;0;Desempleado;43;M;Soltero;Primaria;3;Monimbó
1167;Kevin Alejandro Lopez Castro;0;Desempleado;11;M;Soltero;Primaria;1;Barrio Los Pinos
1384;Ana Alejandro Lopez Hernandez;0;Desempleado;77;F;Casado;Primaria;2;Altamira del Este
1393;Mario Alejandro Mendoza Lopez;0;Desempleado;10;M;Soltero;Primaria;1;María Auxiliadora
1078;Daniel Alejandro Mendoza Hernandez;0;Desempleado;60;M;Soltero;Preescolar;1;Monimbó
1272;Valeria Alejandro Castro Castro;17000;Albañil;75;F;Casado;Secundaria;5;Barrio Los Pinos
1325;Maria Alejandro Ruiz Gonzalez;0;Desempleado;68;F;Casado;Primaria;3;Sol de libertad
1235;Valeria Alejandro Martinez Torres;21000;Costur`ero;46;F;Casado;Primaria;5;Barrio Obrero
1264;Sofia Alejandro Lopez Torres;0;Desempleado;38;F;Casado;Preescolar;2;El Calavario
1150;Jose Alejandro Martinez Mendoza;0;Desempleado;74;M;Casado;Preescolar;1;Barrio 19 de Julio
1200;Sofia Alejandro Mendoza Hernandez;12500;Repartidor;18;F;Soltero;Técnico;1;Barrio La Cruz
1373;Juan Alejandro Gonzalez Hernandez;10000;Vendedor;27;M;Soltero;Técnico;1;Barrio La Cruz
1194;Daniel Alejandro Ruiz Mendoza;8500;Campesino;51;M;Soltero;Preescolar;3;Barrio Medardo Andino
1253;Pedro Alejandro Gonzalez Castro;0;Desempleado;29;M;Soltero;Primaria;3;Baká
1309;Carlos Alejandro Torres Martinez;10000;Vendedor;45;M;Soltero;Técnico;1;San Ramón
1346;Juan Alejandro Martinez Flores;13500;Barbero;49;M;Soltero;Primaria;1;Barrio Obrero
1487;Luis Alejandro Flores Perez;12500;Repartidor;62;M;Casado;Primaria;2;Urbanización San Miguel
1223;Maria Alejandro Torres Hernandez;0;Desempleado;67;F;Casado;Primaria;4;Altamira del Este
1296;Paula Alejandro Mendoza Hernandez;0;Desempleado;4;F;Soltero;Preescolar;3;Urbanización San Miguel
1028;Camila Alejandro Martinez Ruiz;18000;Carpintero;80;F;Casado;Secundaria;5;Barrio Medardo Andino
1213;Ana Alejandro Flores Martinez;14500;Cocinero;70;F;Casado;Primaria;3;Barrio Medardo Andino
1135;Pedro Alejandro Gonzalez Castro;0;Desempleado;45;M;Casado;Primaria;5;Monimbó
1015;Valeria Alejandro Torres Mendoza;12000;Trabajador doméstico;42;F;Casado;Primaria;3;Barrio Guadalupe
1298;Jose Alejandro Martinez Ruiz;18000;Carpintero;63;M;Casado;Secundaria;5;Sol de libertad
1247;Valeria Alejandro Ruiz Mendoza;8500;Campesino;22;F;Casado;Técnico;1;Colina del Verbo
1183;Kevin Alejandro Castro Flores;0;Desempleado;27;M;Soltero;Preescolar;2;Barrio Obrero
1436;Carlos Alejandro Torres Flores;0;Desempleado;25;M;Casado;Preescolar;1;Barrio La Cruz
1069;Kevin Alejandro Torres Martinez;12000;Trabajador doméstico;64;M;Casado;Preescolar;1;Barrio 19 de Julio
1041;Mario Alejandro Torres Mendoza;0;Desempleado;10;M;Soltero;Primaria;1;Barrio Guadalupe
1361;Jose Alejandro Torres Gonzalez;0;Desempleado;28;M;Soltero;Preescolar;2;San Judas
1310;Fernanda Alejandro Lopez Lopez;8500;Campesino;32;F;Soltero;Primaria;3;Barrio La Cruz
1189;Daniel Alejandro Gonzalez Mendoza;14000;Mesero;74;M;Casado;Primaria;2;Barrio Los Pinos
1334;Fernanda Alejandro Flores Perez;0;Desempleado;4;F;Soltero;Preescolar;2;Barrio 19 de Julio
1241;Andres Alejandro Torres Mendoza;0;Desempleado;5;M;Soltero;Preescolar;1;19 de Julio
1213;Elena Alejandro Ruiz Hernandez;0;Desempleado;2;F;Soltero;Preescolar;1;Barrio Medardo Andino
1159;Paula Alejandro Perez Lopez;9500;Técnico Agropecuario;20;F;Soltero;Técnico;3;Barrio El Rosario
1362;Maria Alejandro Hernandez Ruiz;0;Desempleado;60;F;Casado;Primaria;2;Urbanización San Miguel
1435;Paula Alejandro Hernandez Torres;0;Desempleado;27;F;Soltero;Primaria;1;Barrio 19 de Julio
1046;Camila Alejandro Mendoza Gonzalez;0;Desempleado;8;F;Soltero;Primaria;1;Barrio Los Pinos
1088;Miguel Alejandro Ruiz Torres;0;Desempleado;9;M;Soltero;Primaria;2;Barrio Guadalupe
1324;Kevin Alejandro Hernandez Lopez;0;Desempleado;8;M;Soltero;Primaria;5;Urbanización San Miguel
1062;Camila Alejandro Castro Castro;10000;Vendedor;16;F;Soltero;Técnico;1;Colina del Verbo
1017;Lucia Alejandro Castro Flores;9500;Técnico Agropecuario;19;F;Soltero;Técnico;3;19 de Julio
1083;Fernanda Alejandro Castro Perez;13500;Barbero;20;F;Soltero;Técnico;1;Sol de libertad
1317;Elena Alejandro Gonzalez Mendoza;0;Desempleado;12;F;Soltero;Primaria;4;Altamira del Este
1029;Miguel Alejandro Castro Lopez;0;Desempleado;7;M;Soltero;Primaria;1;Altamira del Este
1119;Jose Alejandro Ruiz Mendoza;0;Desempleado;12;M;Soltero;Primaria;2;María Auxiliadora
1088;Sofia Alejandro Mendoza Hernandez;0;Desempleado;58;F;Soltero;Primaria;2;Barrio Guadalupe
1013;Marta Alejandro Gonzalez Hernandez;0;Desempleado;67;F;Casado;Primaria;4;Altamira del Este
1302;Daniel Alejandro Martinez Martinez;12000;Trabajador doméstico;16;M;Soltero;Secundaria;1;Barrio Obrero
1227;Lucia Alejandro Martinez Mendoza;21000;Costur`ero;31;F;Soltero;Primaria;5;María Auxiliadora
1256;Paula Alejandro Ruiz Mendoza;0;Desempleado;6;F;Soltero;Primaria;2;Colina del Verbo
1068;Sofia Alejandro Ruiz Mendoza;0;Desempleado;3;F;Soltero;Preescolar;2;Barrio El Calvario
1021;Daniel Alejandro Torres Castro;0;Desempleado;24;M;Soltero;Primaria;5;Sol de libertad
1104;Daniel Alejandro Martinez Castro;13000;Conductor de taxi;39;M;Soltero;Primaria;1;Barrio La Cruz
1451;Paula Alejandro Mendoza Lopez;0;Desempleado;18;F;Soltero;Técnico;1;Urbanización San Miguel
1243;Pedro Alejandro Hernandez Lopez;17000;Albañil;80;M;Casado;Secundaria;5;María Auxiliadora
1394;Mario Alejandro Martinez Gonzalez;0;Desempleado;9;M;Soltero;Primaria;1;Baká
1313;Ana Alejandro Hernandez Martinez;0;Desempleado;5;F;Soltero;Preescolar;1;Altamira del Este
1112;Kevin Alejandro Gonzalez Gonzalez;12500;Repartidor;14;M;Soltero;Secundaria;1;San Ramón
1079;Daniel Alejandro Gonzalez Lopez;11500;Dependiente de tienda;71;M;Casado;Técnico;1;Barrio La Cruz
1098;Maria Alejandro Flores Gonzalez;19000;Electricista;63;F;Casado;Secundaria;5;Monimbó
1215;Jose Alejandro Gonzalez Lopez;16000;Médico general;76;M;Casado;Universidad;5;Sol de libertad
1023;Mario Alejandro Torres Hernandez;0;Desempleado;6;M;Soltero;Primaria;4;Baká
1283;Andres Alejandro Ruiz Gonzalez;0;Desempleado;8;M;Soltero;Primaria;1;Barrio Los Pinos
1137;Miguel Alejandro Hernandez Hernandez;10000;Vendedor;47;M;Casado;Técnico;1;Altamira del Este
1116;Carlos Alejandro Flores Martinez;0;Desempleado;15;M;Soltero;Secundaria;1;Altamira del Este
1148;Andres Alejandro Gonzalez Torres;12500;Repartidor;67;M;Soltero;Preescolar;2;Barrio Guadalupe
1233;Juan Alejandro Flores Lopez;13000;Conductor de taxi;35;M;Soltero;Preescolar;3;San Ramón
1129;Mario Alejandro Lopez Torres;9500;Técnico Agropecuario;71;M;Soltero;Técnico;3;Barrio Medardo Andino
1056;Lucia Alejandro Castro Mendoza;0;Desempleado;49;F;Soltero;Primaria;1;19 de Julio
1356;Juan Alejandro Martinez Lopez;0;Desempleado;71;M;Casado;Preescolar;1;Barrio El Calvario
1405;Andres Alejandro Lopez Castro;21000;Costur`ero;56;M;Soltero;Preescolar;1;Altamira del Este
1024;Ana Alejandro Castro Perez;9000;Obrero;39;F;Soltero;Primaria;2;Barrio Obrero
1447;Paula Alejandro Gonzalez Lopez;17000;Albañil;51;F;Soltero;Secundaria;5;María Auxiliadora
1252;Kevin Alejandro Martinez Lopez;10500;Cajero;43;M;Soltero;Técnico;1;Barrio Arnoldo Alemán
1090;Marta Alejandro Ruiz Mendoza;14000;Mesero;42;F;Casado;Preescolar;1;19 de Julio
1008;Luis Alejandro Perez Gonzalez;0;Desempleado;58;M;Casado;Primaria;3;Barrio Arnoldo Alemán
1383;Juan Alejandro Martinez Hernandez;17000;Albañil;26;M;Soltero;Secundaria;5;Colina del Verbo
1065;Juan Alejandro Hernandez Ruiz;0;Desempleado;60;M;Soltero;Primaria;4;Barrio Obrero
1210;Carlos Alejandro Mendoza Mendoza;19000;Electricista;67;M;Soltero;Secundaria;5;Colina del Verbo
1003;Daniel Alejandro Ruiz Gonzalez;17000;Albañil;44;M;Casado;Secundaria;5;Barrio Arnoldo Alemán
1124;Daniel Alejandro Torres Hernandez;0;Desempleado;2;M;Soltero;Preescolar;1;Barrio La Cruz
1254;Kevin Alejandro Flores Hernandez;0;Desempleado;39;M;Soltero;Primaria;2;Barrio Guadalupe
1057;Maria Alejandro Martinez Martinez;10000;Vendedor;24;F;Soltero;Técnico;1;María Auxiliadora
1490;Camila Alejandro Gonzalez Hernandez;10000;Vendedor;24;F;Soltero;Técnico;1;Colina del Verbo
1347;Carlos Alejandro Mendoza Lopez;19000;Electricista;56;M;Soltero;Secundaria;5;San Ramón
1316;Juan Alejandro Flores Gonzalez;14000;Mesero;29;M;Soltero;Primaria;4;Colina del Verbo
1253;Mario Alejandro Mendoza Castro;0;Desempleado;44;M;Soltero;Preescolar;3;Baká
1398;Marta Alejandro Torres Castro;0;Desempleado;2;F;Soltero;Preescolar;1;Barrio La Cruz
1323;Pedro Alejandro Ruiz Lopez;18000;Carpintero;42;M;Casado;Secundaria;5;Baká
1106;Kevin Alejandro Ruiz Perez;10500;Cajero;33;M;Soltero;Técnico;1;Colina del Verbo
1182;Miguel Alejandro Martinez Ruiz;14500;Cocinero;71;M;Casado;Primaria;2;Barrio El Rosario
1264;Jose Alejandro Ruiz Flores;14000;Mesero;69;M;Soltero;Primaria;3;El Calavario
1416;Paula Alejandro Gonzalez Lopez;12500;Repartidor;35;F;Soltero;Primaria;4;San Ramón
1113;Andres Alejandro Mendoza Martinez;0;Desempleado;42;M;Soltero;Preescolar;2;Monimbó
1365;Pedro Alejandro Torres Martinez;8500;Campesino;73;M;Casado;Primaria;1;Barrio Los Pinos
1451;Paula Alejandro Mendoza Martinez;17000;Albañil;50;F;Casado;Secundaria;5;Urbanización San Miguel
1223;Elena Alejandro Gonzalez Ruiz;0;Desempleado;12;F;Soltero;Primaria;4;Altamira del Este
1116;Sofia Alejandro Lopez Castro;10000;Vendedor;44;F;Soltero;Técnico;1;Altamira del Este
1135;Elena Alejandro Hernandez Lopez;0;Desempleado;45;F;Soltero;Primaria;1;Monimbó
1033;Andres Alejandro Martinez Lopez;21000;Costur`ero;78;M;Casado;Primaria;4;Barrio El Rosario
1344;Ana Alejandro Flores Ruiz;13000;Conductor de taxi;56;F;Casado;Primaria;5;Barrio El Rosario
1249;Mario Alejandro Torres Castro;12000;Trabajador doméstico;18;M;Casado;Técnico;1;María Auxiliadora
1327;Marta Alejandro Flores Gonzalez;10500;Cajero;58;F;Casado;Técnico;1;Sol de libertad
1485;Marta Alejandro Martinez Hernandez;0;Desempleado;78;F;Casado;Primaria;4;Baká
1077;Valeria Alejandro Castro Gonzalez;13500;Barbero;37;F;Soltero;Preescolar;3;Barrio La Cruz
1168;Camila Alejandro Flores Torres;10500;Cajero;34;F;Casado;Técnico;1;San Judas
1066;Lucia Alejandro Ruiz Castro;14000;Mesero;56;F;Casado;Primaria;3;San Judas
1222;Pedro Alejandro Castro Lopez;11000;Comerciante Informal;25;M;Soltero;Primaria;1;19 de Julio
1036;Juan Alejandro Lopez Castro;8500;Campesino;34;M;Soltero;Primaria;3;Barrio Arnoldo Alemán
1147;Miguel Alejandro Hernandez Martinez;19000;Electricista;74;M;Casado;Secundaria;5;San Judas
1477;Valeria Alejandro Castro Hernandez;18000;Carpintero;61;F;Soltero;Secundaria;5;El Calavario
1024;Luis Alejandro Gonzalez Martinez;0;Desempleado;29;M;Soltero;Preescolar;1;Barrio Obrero
1279;Marta Alejandro Ruiz Hernandez;0;Desempleado;12;F;Soltero;Primaria;5;El Calavario
1455;Sofia Alejandro Ruiz Martinez;0;Desempleado;12;F;Soltero;Primaria;1;Baká
1495;Valeria Alejandro Mendoza Castro;13000;Conductor de taxi;37;F;Casado;Primaria;4;Monimbó
1427;Elena Alejandro Hernandez Ruiz;9000;Obrero;47;F;Soltero;Primaria;2;San Ramón
1024;Elena Alejandro Torres Gonzalez;0;Desempleado;54;F;Casado;Preescolar;1;Barrio Obrero
1342;Juan Alejandro Hernandez Lopez;8500;Campesino;56;M;Casado;Primaria;4;Monimbó
1054;Camila Alejandro Lopez Martinez;19000;Electricista;38;F;Soltero;Secundaria;5;Barrio Obrero
1134;Mario Alejandro Perez Gonzalez;13500;Barbero;17;M;Soltero;Secundaria;1;Barrio La Cruz
1036;Paula Alejandro Martinez Mendoza;0;Desempleado;14;F;Soltero;Secundaria;1;Barrio Arnoldo Alemán
1172;Ana Alejandro Castro Castro;0;Desempleado;34;F;Casado;Preescolar;2;San Judas
1197;Pedro Alejandro Torres Flores;0;Desempleado;30;M;Soltero;Preescolar;1;Urbanización San Miguel
1405;Valeria Alejandro Lopez Flores;0;Desempleado;10;F;Soltero;Primaria;5;Altamira del Este
1203;Luis Alejandro Lopez Ruiz;0;Desempleado;46;M;Soltero;Preescolar;3;Barrio El Calvario
1210;Jose Alejandro Martinez Ruiz;0;Desempleado;60;M;Soltero;Primaria;5;Colina del Verbo
1437;Ana Alejandro Mendoza Torres;17000;Albañil;59;F;Soltero;Secundaria;5;Barrio Guadalupe
1259;Kevin Alejandro Hernandez Martinez;12000;Trabajador doméstico;40;M;Soltero;Primaria;3;Barrio La Cruz
1052;Luis Alejandro Hernandez Castro;13000;Conductor de taxi;51;M;Soltero;Primaria;1;19 de Julio
1263;Valeria Alejandro Martinez Gonzalez;0;Desempleado;7;F;Soltero;Primaria;1;Barrio El Calvario
1040;Paula Alejandro Gonzalez Ruiz;0;Desempleado;11;F;Soltero;Primaria;3;Barrio Arnoldo Alemán
1265;Marta Alejandro Flores Flores;21000;Costur`ero;45;F;Soltero;Preescolar;2;Barrio El Calvario
1131;Luis Alejandro Gonzalez Martinez;19000;Electricista;47;M;Soltero;Secundaria;5;El Calavario
1417;Valeria Alejandro Perez Perez;9000;Obrero;56;F;Casado;Preescolar;1;Barrio Guadalupe
1302;Mario Alejandro Hernandez Torres;9000;Obrero;49;M;Soltero;Preescolar;2;Barrio Obrero
1313;Andres Alejandro Mendoza Flores;0;Desempleado;50;M;Soltero;Primaria;5;Altamira del Este
1297;Fernanda Alejandro Hernandez Flores;0;Desempleado;21;F;Soltero;Técnico;1;María Auxiliadora
1432;Miguel Alejandro Gonzalez Mendoza;13000;Conductor de taxi;62;M;Soltero;Preescolar;2;Monimbó
1233;Luis Alejandro Hernandez Hernandez;19000;Electricista;44;M;Soltero;Secundaria;5;San Ramón
1173;Maria Alejandro Lopez Castro;13500;Barbero;19;F;Soltero;Técnico;1;Monimbó
1426;Carlos Alejandro Ruiz Torres;15000;Maestro;35;M;Soltero;Universidad;5;Monimbó
1307;Jose Alejandro Flores Perez;11000;Comerciante Informal;77;M;Soltero;Primaria;1;Barrio 19 de Julio
1124;Daniel Alejandro Castro Torres;11000;Comerciante Informal;16;M;Soltero;Secundaria;1;Barrio La Cruz
1298;Daniel Alejandro Martinez Perez;21000;Costur`ero;46;M;Soltero;Preescolar;1;Sol de libertad
1372;Kevin Alejandro Torres Hernandez;0;Desempleado;46;M;Soltero;Preescolar;1;Monimbó
1439;Valeria Alejandro Perez Castro;0;Desempleado;14;F;Soltero;Secundaria;1;Barrio La Cruz
1330;Jose Alejandro Gonzalez Flores;0;Desempleado;59;M;Casado;Preescolar;1;San Judas
1270;Marta Alejandro Castro Martinez;0;Desempleado;33;F;Casado;Preescolar;1;Barrio Los Pinos
1188;Fernanda Alejandro Martinez Martinez;13000;Conductor de taxi;26;F;Soltero;Preescolar;3;San Judas
1314;Pedro Alejandro Flores Perez;12000;Trabajador doméstico;18;M;Soltero;Técnico;1;Urbanización San Miguel
1336;Sofia Alejandro Martinez Mendoza;14000;Mesero;19;F;Casado;Técnico;1;Barrio El Calvario
1248;Daniel Alejandro Ruiz Martinez;14500;Cocinero;64;M;Casado;Preescolar;3;Barrio Arnoldo Alemán
1354;Ana Alejandro Ruiz Martinez;11500;Dependiente de tienda;65;F;Soltero;Técnico;1;Altamira del Este
1079;Sofia Alejandro Torres Lopez;18000;Carpintero;32;F;Soltero;Secundaria;5;Barrio La Cruz
1227;Maria Alejandro Lopez Mendoza;0;Desempleado;4;F;Soltero;Preescolar;3;María Auxiliadora
1478;Marta Alejandro Hernandez Castro;0;Desempleado;47;F;Soltero;Primaria;3;Urbanización San Miguel
1439;Fernanda Alejandro Mendoza Hernandez;14000;Mesero;49;F;Soltero;Primaria;5;Barrio La Cruz
1428;Kevin Alejandro Mendoza Perez;8500;Campesino;53;M;Casado;Primaria;1;Barrio El Calvario
1173;Fernanda Alejandro Flores Flores;13500;Barbero;56;F;Casado;Primaria;1;Monimbó
1466;Lucia Alejandro Castro Castro;0;Desempleado;12;F;Soltero;Primaria;3;Barrio Los Pinos
1146;Fernanda Alejandro Mendoza Perez;0;Desempleado;71;F;Soltero;Preescolar;1;Barrio Obrero
1463;Andres Alejandro Torres Hernandez;15500;Enfermero;40;M;Soltero;Universidad;5;Barrio Los Pinos
1437;Maria Alejandro Flores Hernandez;13500;Barbero;55;F;Soltero;Preescolar;3;Barrio Guadalupe
1039;Miguel Alejandro Gonzalez Martinez;0;Desempleado;4;M;Soltero;Preescolar;1;Sol de libertad
1391;Juan Alejandro Lopez Gonzalez;10500;Cajero;44;M;Soltero;Técnico;1;María Auxiliadora
1060;Marta Alejandro Martinez Castro;15500;Enfermero;61;F;Casado;Universidad;5;Barrio El Calvario
1132;Miguel Alejandro Ruiz Ruiz;10000;Vendedor;60;M;Soltero;Técnico;1;San Judas
1337;Andres Alejandro Castro Gonzalez;0;Desempleado;11;M;Soltero;Primaria;1;Barrio Medardo Andino
1241;Juan Alejandro Flores Lopez;9500;Técnico Agropecuario;79;M;Casado;Técnico;3;19 de Julio
1199;Paula Alejandro Castro Perez;17000;Albañil;73;F;Casado;Secundaria;5;Colina del Verbo
1262;Mario Alejandro Flores Flores;0;Desempleado;65;M;Soltero;Preescolar;3;Colina del Verbo
1369;Andres Alejandro Hernandez Flores;13000;Conductor de taxi;53;M;Casado;Primaria;4;19 de Julio
1036;Miguel Alejandro Mendoza Torres;17000;Albañil;73;M;Casado;Secundaria;5;Barrio Arnoldo Alemán
1477;Fernanda Alejandro Hernandez Castro;14500;Cocinero;57;F;Soltero;Primaria;4;El Calavario
1011;Andres Alejandro Ruiz Mendoza;0;Desempleado;1;M;Soltero;Preescolar;1;Colina del Verbo
1309;Valeria Alejandro Ruiz Ruiz;13500;Barbero;40;F;Casado;Preescolar;3;San Ramón
1184;Valeria Alejandro Ruiz Lopez;14000;Mesero;29;F;Soltero;Preescolar;3;Barrio Obrero
1115;Ana Alejandro Hernandez Hernandez;0;Desempleado;58;F;Casado;Preescolar;2;19 de Julio
1382;Luis Alejandro Gonzalez Perez;0;Desempleado;1;M;Soltero;Preescolar;1;Barrio Arnoldo Alemán
1459;Juan Alejandro Martinez Castro;0;Desempleado;10;M;Soltero;Primaria;5;Altamira del Este
1493;Carlos Alejandro Hernandez Castro;0;Desempleado;37;M;Soltero;Primaria;3;Barrio Medardo Andino
1021;Andres Alejandro Hernandez Flores;0;Desempleado;67;M;Casado;Preescolar;2;Sol de libertad
1477;Lucia Alejandro Castro Martinez;10500;Cajero;42;F;Soltero;Técnico;1;El Calavario
1040;Andres Alejandro Castro Hernandez;15500;Enfermero;68;M;Casado;Universidad;5;Barrio Arnoldo Alemán
1195;Carlos Alejandro Perez Hernandez;19000;Electricista;33;M;Soltero;Secundaria;5;Barrio El Rosario
1358;Mario Alejandro Hernandez Perez;9000;Obrero;31;M;Soltero;Primaria;4;Barrio La Cruz
1333;Luis Alejandro Perez Castro;11500;Dependiente de tienda;40;M;Casado;Técnico;1;María Auxiliadora
1463;Marta Alejandro Ruiz Ruiz;11500;Dependiente de tienda;49;F;Soltero;Técnico;1;Barrio Los Pinos
1268;Daniel Alejandro Ruiz Hernandez;0;Desempleado;35;M;Soltero;Primaria;3;Altamira del Este
1360;Maria Alejandro Torres Gonzalez;9500;Técnico Agropecuario;17;F;Soltero;Técnico;3;Urbanización San Miguel
1329;Andres Alejandro Gonzalez Castro;0;Desempleado;18;M;Soltero;Técnico;1;Barrio Obrero
1474;Camila Alejandro Gonzalez Ruiz;11500;Dependiente de tienda;53;F;Soltero;Técnico;1;El Calavario
1407;Marta Alejandro Mendoza Martinez;0;Desempleado;6;F;Soltero;Primaria;1;Barrio Los Pinos
1178;Juan Alejandro Lopez Gonzalez;15000;Maestro;52;M;Soltero;Universidad;5;San Ramón
1369;Pedro Alejandro Martinez Perez;0;Desempleado;2;M;Soltero;Preescolar;1;19 de Julio
1100;Kevin Alejandro Ruiz Martinez;10500;Cajero;27;M;Soltero;Técnico;1;Barrio El Calvario
1327;Daniel Alejandro Flores Gonzalez;10000;Vendedor;40;M;Soltero;Técnico;1;Sol de libertad
1070;Marta Alejandro Martinez Castro;19000;Electricista;28;F;Soltero;Secundaria;5;Barrio Los Pinos
1408;Juan Alejandro Flores Perez;17000;Albañil;60;M;Soltero;Secundaria;5;Barrio Arnoldo Alemán
1449;Ana Alejandro Torres Castro;0;Desempleado;22;F;Casado;Técnico;1;Barrio Medardo Andino
1195;Marta Alejandro Ruiz Flores;0;Desempleado;80;F;Casado;Preescolar;3;Barrio El Rosario
1228;Maria Alejandro Martinez Hernandez;8500;Campesino;73;F;Casado;Preescolar;2;Barrio Arnoldo Alemán
1066;Maria Alejandro Hernandez Martinez;0;Desempleado;5;F;Soltero;Preescolar;1;San Judas
1095;Elena Alejandro Lopez Ruiz;0;Desempleado;10;F;Soltero;Primaria;5;19 de Julio
1140;Mario Alejandro Perez Hernandez;11000;Comerciante Informal;56;M;Soltero;Preescolar;3;Barrio El Rosario
1318;Juan Alejandro Mendoza Flores;21000;Costur`ero;19;M;Soltero;Técnico;1;El Calavario
1181;Andres Alejandro Perez Ruiz;0;Desempleado;1;M;Soltero;Preescolar;1;19 de Julio
1291;Fernanda Alejandro Castro Lopez;0;Desempleado;28;F;Soltero;Primaria;1;Urbanización San Miguel
1302;Elena Alejandro Hernandez Torres;15500;Enfermero;23;F;Soltero;Universidad;5;Barrio Obrero
1351;Elena Alejandro Gonzalez Mendoza;15500;Enfermero;61;F;Casado;Universidad;5;El Calavario
1395;Kevin Alejandro Ruiz Ruiz;14000;Mesero;36;M;Casado;Primaria;3;Urbanización San Miguel
1075;Jose Alejandro Torres Gonzalez;0;Desempleado;11;M;Soltero;Primaria;1;19 de Julio
1166;Juan Alejandro Hernandez Perez;12500;Repartidor;40;M;Casado;Primaria;1;Sol de libertad
1100;Pedro Alejandro Flores Hernandez;15500;Enfermero;55;M;Soltero;Universidad;5;Barrio El Calvario
1138;Carlos Alejandro Mendoza Lopez;21000;Costur`ero;45;M;Casado;Preescolar;1;Baká
1217;Maria Alejandro Ruiz Martinez;0;Desempleado;7;F;Soltero;Primaria;2;19 de Julio
1132;Camila Alejandro Perez Flores;9500;Técnico Agropecuario;78;F;Casado;Técnico;3;San Judas
1272;Kevin Alejandro Mendoza Castro;0;Desempleado;5;M;Soltero;Preescolar;1;Barrio Los Pinos
1076;Pedro Alejandro Mendoza Hernandez;0;Desempleado;7;M;Soltero;Primaria;2;Sol de libertad
1118;Elena Alejandro Torres Ruiz;12000;Trabajador doméstico;54;F;Casado;Primaria;2;Barrio Medardo Andino
1260;Carlos Alejandro Torres Ruiz;12000;Trabajador doméstico;16;M;Soltero;Secundaria;1;Barrio El Rosario
1465;Mario Alejandro Perez Lopez;0;Desempleado;8;M;Soltero;Primaria;4;19 de Julio
1208;Daniel Alejandro Ruiz Flores;17000;Albañil;44;M;Soltero;Secundaria;5;Urbanización San Miguel
1261;Daniel Alejandro Gonzalez Perez;11000;Comerciante Informal;29;M;Soltero;Primaria;3;Altamira del Este
1085;Luis Alejandro Hernandez Martinez;0;Desempleado;13;M;Soltero;Secundaria;1;Baká
1110;Camila Alejandro Torres Flores;13000;Conductor de taxi;42;F;Soltero;Preescolar;2;Barrio Guadalupe
1128;Ana Alejandro Martinez Ruiz;0;Desempleado;7;F;Soltero;Primaria;1;Colina del Verbo
1288;Marta Alejandro Hernandez Flores;12500;Repartidor;70;F;Soltero;Preescolar;2;Barrio El Calvario
1295;Camila Alejandro Lopez Lopez;0;Desempleado;22;F;Soltero;Técnico;1;Barrio Guadalupe
1021;Andres Alejandro Mendoza Ruiz;18000;Carpintero;36;M;Soltero;Secundaria;5;Sol de libertad
1342;Elena Alejandro Lopez Martinez;13000;Conductor de taxi;24;F;Soltero;Preescolar;1;Monimbó
1436;Miguel Alejandro Castro Flores;0;Desempleado;10;M;Soltero;Primaria;1;Barrio La Cruz
1002;Fernanda Alejandro Hernandez Castro;8500;Campesino;15;F;Soltero;Secundaria;1;Barrio 19 de Julio
1190;Mario Alejandro Mendoza Martinez;0;Desempleado;42;M;Casado;Primaria;4;El Calavario
1496;Valeria Alejandro Gonzalez Castro;0;Desempleado;4;F;Soltero;Preescolar;1;Barrio Obrero
1214;Maria Alejandro Ruiz Torres;15500;Enfermero;38;F;Soltero;Universidad;5;Colina del Verbo
1282;Marta Alejandro Perez Gonzalez;11500;Dependiente de tienda;74;F;Casado;Técnico;1;Urbanización San Miguel
1284;Marta Alejandro Torres Gonzalez;15500;Enfermero;49;F;Soltero;Universidad;5;Monimbó
1370;Valeria Alejandro Torres Perez;13000;Conductor de taxi;77;F;Casado;Primaria;1;Barrio La Cruz
1393;Sofia Alejandro Hernandez Martinez;0;Desempleado;12;F;Soltero;Primaria;1;María Auxiliadora
1002;Fernanda Alejandro Lopez Castro;0;Desempleado;54;F;Casado;Preescolar;1;Barrio 19 de Julio
1112;Miguel Alejandro Torres Hernandez;9500;Técnico Agropecuario;15;M;Soltero;Técnico;3;San Ramón
1370;Kevin Alejandro Hernandez Perez;11500;Dependiente de tienda;53;M;Soltero;Técnico;1;Barrio La Cruz
1053;Ana Alejandro Lopez Castro;0;Desempleado;3;F;Soltero;Preescolar;1;San Judas
1096;Valeria Alejandro Ruiz Ruiz;0;Desempleado;66;F;Casado;Preescolar;1;Barrio Obrero
1373;Daniel Alejandro Lopez Gonzalez;0;Desempleado;31;M;Soltero;Primaria;4;Barrio La Cruz
1406;Paula Alejandro Flores Gonzalez;13000;Conductor de taxi;32;F;Soltero;Primaria;1;San Ramón
1182;Paula Alejandro Flores Hernandez;0;Desempleado;42;F;Soltero;Primaria;5;Barrio El Rosario
1420;Lucia Alejandro Gonzalez Gonzalez;18000;Carpintero;42;F;Soltero;Secundaria;5;María Auxiliadora
1324;Miguel Alejandro Hernandez Hernandez;15500;Enfermero;52;M;Soltero;Universidad;5;Urbanización San Miguel
1005;Daniel Alejandro Torres Perez;0;Desempleado;26;M;Casado;Preescolar;3;Monimbó
1372;Sofia Alejandro Flores Flores;21000;Costur`ero;42;F;Casado;Primaria;5;Monimbó
1125;Marta Alejandro Hernandez Mendoza;18000;Carpintero;51;F;Casado;Secundaria;5;19 de Julio
1354;Andres Alejandro Gonzalez Castro;0;Desempleado;62;M;Casado;Primaria;4;Altamira del Este
1003;Andres Alejandro Flores Hernandez;0;Desempleado;3;M;Soltero;Preescolar;1;Barrio Arnoldo Alemán
1405;Kevin Alejandro Perez Torres;13500;Barbero;56;M;Soltero;Preescolar;3;Altamira del Este
1048;Valeria Alejandro Torres Hernandez;0;Desempleado;74;F;Casado;Primaria;4;San Ramón
1263;Daniel Alejandro Flores Ruiz;13500;Barbero;47;M;Casado;Preescolar;2;Barrio El Calvario
1095;Elena Alejandro Ruiz Lopez;11000;Comerciante Informal;23;F;Casado;Preescolar;2;19 de Julio
1381;Maria Alejandro Ruiz Torres;15500;Enfermero;60;F;Casado;Universidad;5;Colina del Verbo
1453;Lucia Alejandro Ruiz Hernandez;14500;Cocinero;71;F;Casado;Preescolar;3;El Calavario
1044;Luis Alejandro Torres Mendoza;11000;Comerciante Informal;80;M;Casado;Primaria;1;Barrio El Calvario
1144;Miguel Alejandro Torres Torres;14000;Mesero;57;M;Soltero;Primaria;1;Barrio 19 de Julio
1298;Valeria Alejandro Lopez Castro;0;Desempleado;2;F;Soltero;Preescolar;2;Sol de libertad
1216;Carlos Alejandro Castro Castro;12000;Trabajador doméstico;32;M;Soltero;Primaria;3;San Ramón
1405;Elena Alejandro Castro Torres;0;Desempleado;60;F;Casado;Primaria;2;Altamira del Este
1314;Andres Alejandro Torres Martinez;8500;Campesino;56;M;Soltero;Preescolar;3;Urbanización San Miguel
1232;Lucia Alejandro Lopez Gonzalez;11000;Comerciante Informal;76;F;Casado;Primaria;2;Barrio Medardo Andino
1105;Paula Alejandro Mendoza Torres;0;Desempleado;71;F;Casado;Preescolar;3;Barrio 19 de Julio
1180;Kevin Alejandro Martinez Torres;0;Desempleado;47;M;Soltero;Primaria;3;El Calavario
1481;Mario Alejandro Perez Lopez;0;Desempleado;55;M;Casado;Primaria;5;San Judas
1155;Andres Alejandro Hernandez Torres;0;Desempleado;1;M;Soltero;Preescolar;1;Colina del Verbo
1057;Marta Alejandro Torres Gonzalez;11000;Comerciante Informal;43;F;Soltero;Primaria;5;María Auxiliadora
1475;Paula Alejandro Flores Castro;17000;Albañil;76;F;Casado;Secundaria;5;Barrio Arnoldo Alemán
1261;Carlos Alejandro Mendoza Lopez;13500;Barbero;37;M;Soltero;Primaria;1;Altamira del Este
1099;Camila Alejandro Hernandez Perez;14500;Cocinero;22;F;Soltero;Técnico;1;Barrio 19 de Julio
1225;Marta Alejandro Martinez Hernandez;0;Desempleado;1;F;Soltero;Preescolar;1;Monimbó
1209;Pedro Alejandro Flores Mendoza;0;Desempleado;5;M;Soltero;Preescolar;1;Barrio El Calvario
1280;Pedro Alejandro Castro Mendoza;15000;Maestro;25;M;Soltero;Universidad;5;Altamira del Este
1229;Luis Alejandro Flores Martinez;14500;Cocinero;75;M;Casado;Preescolar;2;Urbanización San Miguel
1297;Marta Alejandro Castro Flores;11500;Dependiente de tienda;17;F;Soltero;Técnico;1;María Auxiliadora
1230;Camila Alejandro Flores Torres;0;Desempleado;38;F;Soltero;Preescolar;2;Barrio 19 de Julio
1090;Mario Alejandro Perez Gonzalez;0;Desempleado;48;M;Soltero;Primaria;4;19 de Julio
1389;Elena Alejandro Ruiz Castro;0;Desempleado;55;F;Casado;Primaria;4;Sol de libertad
1382;Andres Alejandro Gonzalez Perez;15000;Maestro;40;M;Soltero;Universidad;5;Barrio Arnoldo Alemán
1372;Carlos Alejandro Lopez Perez;21000;Costur`ero;75;M;Casado;Primaria;4;Monimbó
1208;Kevin Alejandro Lopez Gonzalez;19000;Electricista;31;M;Soltero;Secundaria;5;Urbanización San Miguel
1081;Miguel Alejandro Martinez Mendoza;0;Desempleado;55;M;Soltero;Primaria;1;San Ramón
1420;Carlos Alejandro Mendoza Torres;0;Desempleado;6;M;Soltero;Primaria;3;María Auxiliadora
1054;Andres Alejandro Hernandez Lopez;0;Desempleado;35;M;Soltero;Primaria;1;Barrio Obrero
1200;Miguel Alejandro Ruiz Martinez;18000;Carpintero;25;M;Casado;Secundaria;5;Barrio La Cruz
1185;Daniel Alejandro Torres Martinez;10000;Vendedor;25;M;Soltero;Técnico;1;Barrio Medardo Andino
1132;Jose Alejandro Mendoza Hernandez;11500;Dependiente de tienda;76;M;Casado;Técnico;1;San Judas
1155;Miguel Alejandro Lopez Perez;0;Desempleado;24;M;Soltero;Preescolar;2;Colina del Verbo
1302;Marta Alejandro Flores Perez;13500;Barbero;61;F;Casado;Preescolar;2;Barrio Obrero
1126;Luis Alejandro Hernandez Torres;12500;Repartidor;41;M;Casado;Preescolar;1;19 de Julio
1104;Fernanda Alejandro Gonzalez Mendoza;9000;Obrero;25;F;Soltero;Primaria;3;Barrio La Cruz
1306;Camila Alejandro Martinez Castro;11000;Comerciante Informal;47;F;Soltero;Primaria;2;Barrio El Rosario
1432;Carlos Alejandro Gonzalez Martinez;18000;Carpintero;66;M;Casado;Secundaria;5;Monimbó
1056;Marta Alejandro Mendoza Perez;13500;Barbero;29;F;Soltero;Preescolar;2;19 de Julio
1448;Ana Alejandro Gonzalez Gonzalez;0;Desempleado;37;F;Soltero;Primaria;5;Barrio La Cruz
1236;Carlos Alejandro Lopez Castro;10000;Vendedor;50;M;Soltero;Técnico;1;Urbanización San Miguel
1217;Jose Alejandro Ruiz Mendoza;11000;Comerciante Informal;48;M;Soltero;Preescolar;1;19 de Julio
1127;Luis Alejandro Mendoza Hernandez;0;Desempleado;7;M;Soltero;Primaria;2;María Auxiliadora
1195;Andres Alejandro Hernandez Perez;19000;Electricista;66;M;Casado;Secundaria;5;Barrio El Rosario
1456;Luis Alejandro Gonzalez Flores;18000;Carpintero;78;M;Casado;Secundaria;5;Barrio La Cruz
1264;Pedro Alejandro Castro Torres;19000;Electricista;80;M;Casado;Secundaria;5;El Calavario
1316;Juan Alejandro Castro Perez;13500;Barbero;80;M;Casado;Primaria;1;Colina del Verbo
1284;Luis Alejandro Hernandez Lopez;18000;Carpintero;29;M;Soltero;Secundaria;5;Monimbó
1181;Jose Alejandro Martinez Gonzalez;10000;Vendedor;72;M;Casado;Técnico;1;19 de Julio
1106;Maria Alejandro Lopez Ruiz;0;Desempleado;8;F;Soltero;Primaria;1;Colina del Verbo
1220;Sofia Alejandro Mendoza Martinez;12000;Trabajador doméstico;21;F;Casado;Técnico;1;Urbanización San Miguel
1273;Paula Alejandro Lopez Mendoza;0;Desempleado;13;F;Soltero;Secundaria;1;San Judas
1331;Ana Alejandro Gonzalez Flores;12500;Repartidor;46;F;Soltero;Primaria;1;Barrio El Calvario
1418;Marta Alejandro Castro Torres;0;Desempleado;8;F;Soltero;Primaria;4;Monimbó
1132;Kevin Alejandro Ruiz Hernandez;11000;Comerciante Informal;16;M;Soltero;Secundaria;1;San Judas
1408;Juan Alejandro Castro Flores;0;Desempleado;9;M;Soltero;Primaria;4;Barrio Arnoldo Alemán
1206;Lucia Alejandro Mendoza Mendoza;9000;Obrero;61;F;Casado;Preescolar;2;San Ramón
1496;Ana Alejandro Castro Castro;0;Desempleado;7;F;Soltero;Primaria;2;Barrio Obrero
1238;Juan Alejandro Ruiz Hernandez;14000;Mesero;46;M;Soltero;Primaria;3;19 de Julio
1197;Elena Alejandro Castro Perez;18000;Carpintero;15;F;Soltero;Secundaria;5;Urbanización San Miguel
1197;Maria Alejandro Martinez Torres;9000;Obrero;72;F;Soltero;Preescolar;2;Urbanización San Miguel
1082;Miguel Alejandro Mendoza Mendoza;14500;Cocinero;60;M;Casado;Primaria;1;Barrio Guadalupe
1235;Carlos Alejandro Martinez Lopez;12000;Trabajador doméstico;74;M;Casado;Primaria;3;Barrio Obrero
1444;Mario Alejandro Castro Perez;0;Desempleado;49;M;Soltero;Preescolar;1;Sol de libertad
1059;Carlos Alejandro Ruiz Lopez;11000;Comerciante Informal;33;M;Soltero;Primaria;2;Monimbó
1138;Fernanda Alejandro Torres Gonzalez;9500;Técnico Agropecuario;32;F;Casado;Técnico;3;Baká
1163;Luis Alejandro Mendoza Martinez;19000;Electricista;73;M;Casado;Secundaria;5;19 de Julio
1480;Maria Alejandro Mendoza Ruiz;15500;Enfermero;33;F;Soltero;Universidad;5;Monimbó
1024;Elena Alejandro Castro Flores;21000;Costur`ero;15;F;Soltero;Secundaria;1;Barrio Obrero
1385;Sofia Alejandro Lopez Mendoza;0;Desempleado;6;F;Soltero;Primaria;1;Monimbó
1080;Valeria Alejandro Lopez Perez;14000;Mesero;36;F;Soltero;Primaria;1;Barrio Los Pinos
1180;Miguel Alejandro Perez Martinez;11000;Comerciante Informal;51;M;Casado;Preescolar;1;El Calavario
1238;Carlos Alejandro Flores Perez;9000;Obrero;79;M;Casado;Primaria;4;19 de Julio
1354;Carlos Alejandro Lopez Flores;0;Desempleado;15;M;Soltero;Secundaria;1;Altamira del Este
1032;Marta Alejandro Mendoza Flores;0;Desempleado;52;F;Casado;Preescolar;3;Barrio La Cruz
1391;Maria Alejandro Castro Martinez;0;Desempleado;11;F;Soltero;Primaria;4;María Auxiliadora
1002;Luis Alejandro Lopez Hernandez;11500;Dependiente de tienda;19;M;Soltero;Técnico;1;Barrio 19 de Julio
1009;Maria Alejandro Flores Gonzalez;0;Desempleado;10;F;Soltero;Primaria;1;Barrio Arnoldo Alemán
1193;Mario Alejandro Lopez Perez;0;Desempleado;11;M;Soltero;Primaria;1;Barrio Medardo Andino
1077;Carlos Alejandro Lopez Torres;14500;Cocinero;46;M;Soltero;Preescolar;3;Barrio La Cruz
1270;Jose Alejandro Ruiz Castro;12500;Repartidor;42;M;Casado;Primaria;3;Barrio Los Pinos
1050;Andres Alejandro Ruiz Perez;14500;Cocinero;63;M;Casado;Primaria;4;Baká
1335;Luis Alejandro Hernandez Gonzalez;0;Desempleado;61;M;Casado;Preescolar;3;Barrio La Cruz
1308;Ana Alejandro Ruiz Martinez;11500;Dependiente de tienda;27;F;Soltero;Técnico;1;María Auxiliadora
1449;Daniel Alejandro Mendoza Ruiz;12500;Repartidor;53;M;Casado;Primaria;5;Barrio Medardo Andino
1340;Elena Alejandro Gonzalez Ruiz;14000;Mesero;50;F;Soltero;Primaria;1;Barrio Arnoldo Alemán
1112;Lucia Alejandro Martinez Mendoza;15000;Maestro;33;F;Soltero;Universidad;5;San Ramón
1380;Valeria Alejandro Perez Perez;0;Desempleado;9;F;Soltero;Primaria;2;Urbanización San Miguel
1491;Elena Alejandro Perez Lopez;16000;Médico general;40;F;Soltero;Universidad;5;Baká
1235;Fernanda Alejandro Hernandez Flores;0;Desempleado;13;F;Soltero;Secundaria;1;Barrio Obrero
1052;Andres Alejandro Castro Flores;13500;Barbero;57;M;Casado;Primaria;4;19 de Julio
1280;Camila Alejandro Castro Ruiz;10500;Cajero;26;F;Casado;Técnico;1;Altamira del Este
1148;Elena Alejandro Hernandez Perez;10000;Vendedor;70;F;Soltero;Técnico;1;Barrio Guadalupe
1457;Ana Alejandro Castro Ruiz;13500;Barbero;25;F;Soltero;Primaria;5;El Calavario
1368;Juan Alejandro Torres Hernandez;9000;Obrero;50;M;Soltero;Primaria;2;María Auxiliadora
1426;Juan Alejandro Flores Gonzalez;13000;Conductor de taxi;68;M;Casado;Primaria;3;Monimbó
1363;Paula Alejandro Torres Lopez;0;Desempleado;3;F;Soltero;Preescolar;1;Barrio La Cruz
1282;Pedro Alejandro Castro Lopez;8500;Campesino;49;M;Casado;Primaria;5;Urbanización San Miguel
1171;Mario Alejandro Perez Hernandez;0;Desempleado;35;M;Soltero;Preescolar;2;Barrio La Cruz
1183;Maria Alejandro Mendoza Martinez;0;Desempleado;21;F;Soltero;Técnico;1;Barrio Obrero
1293;Sofia Alejandro Mendoza Castro;18000;Carpintero;16;F;Soltero;Secundaria;5;Colina del Verbo
1002;Paula Alejandro Martinez Lopez;0;Desempleado;11;F;Soltero;Primaria;2;Barrio 19 de Julio
1124;Daniel Alejandro Gonzalez Ruiz;0;Desempleado;7;M;Soltero;Primaria;3;Barrio La Cruz
1345;Camila Alejandro Martinez Lopez;18000;Carpintero;72;F;Casado;Secundaria;5;Altamira del Este
1031;Luis Alejandro Perez Perez;9500;Técnico Agropecuario;33;M;Soltero;Técnico;3;Barrio La Cruz
1303;Camila Alejandro Gonzalez Torres;0;Desempleado;4;F;Soltero;Preescolar;1;Barrio Los Pinos
1212;Fernanda Alejandro Flores Castro;12000;Trabajador doméstico;22;F;Soltero;Técnico;1;Barrio La Cruz
1392;Jose Alejandro Hernandez Flores;13000;Conductor de taxi;39;M;Soltero;Primaria;4;Barrio Arnoldo Alemán
1058;Marta Alejandro Ruiz Hernandez;10500;Cajero;67;F;Casado;Técnico;1;Barrio Medardo Andino
1151;Pedro Alejandro Torres Mendoza;16000;Médico general;43;M;Soltero;Universidad;5;San Judas
1035;Elena Alejandro Castro Castro;0;Desempleado;23;F;Soltero;Primaria;2;19 de Julio
1137;Ana Alejandro Ruiz Lopez;15500;Enfermero;56;F;Soltero;Universidad;5;Altamira del Este
1074;Juan Alejandro Torres Perez;8500;Campesino;41;M;Soltero;Primaria;1;Baká
1021;Lucia Alejandro Hernandez Gonzalez;0;Desempleado;10;F;Soltero;Primaria;1;Sol de libertad
1070;Juan Alejandro Castro Perez;0;Desempleado;3;M;Soltero;Preescolar;1;Barrio Los Pinos
1296;Daniel Alejandro Gonzalez Lopez;18000;Carpintero;66;M;Casado;Secundaria;5;Urbanización San Miguel
1372;Mario Alejandro Lopez Castro;0;Desempleado;18;M;Soltero;Técnico;1;Monimbó
1445;Carlos Alejandro Gonzalez Martinez;14500;Cocinero;38;M;Casado;Preescolar;1;Barrio El Calvario
1265;Pedro Alejandro Lopez Martinez;12000;Trabajador doméstico;32;M;Soltero;Primaria;4;Barrio El Calvario
1315;Paula Alejandro Perez Hernandez;0;Desempleado;13;F;Soltero;Secundaria;1;Monimbó
1489;Ana Alejandro Ruiz Torres;14000;Mesero;59;F;Casado;Primaria;1;Barrio El Calvario
1170;Maria Alejandro Torres Gonzalez;0;Desempleado;60;F;Casado;Preescolar;2;Monimbó
1417;Lucia Alejandro Lopez Mendoza;8500;Campesino;33;F;Soltero;Primaria;5;Barrio Guadalupe
1145;Marta Alejandro Torres Mendoza;0;Desempleado;38;F;Soltero;Preescolar;2;San Judas
1312;Carlos Alejandro Mendoza Mendoza;21000;Costur`ero;24;M;Soltero;Primaria;1;Barrio Los Pinos
1068;Sofia Alejandro Castro Mendoza;0;Desempleado;26;F;Soltero;Primaria;5;Barrio El Calvario
1026;Paula Alejandro Martinez Ruiz;14500;Cocinero;23;F;Soltero;Primaria;4;19 de Julio
1361;Pedro Alejandro Martinez Flores;0;Desempleado;51;M;Soltero;Preescolar;2;San Judas
1349;Paula Alejandro Mendoza Perez;21000;Costur`ero;55;F;Casado;Primaria;4;Altamira del Este
1227;Juan Alejandro Perez Torres;8500;Campesino;72;M;Casado;Preescolar;3;María Auxiliadora
1018;Lucia Alejandro Ruiz Gonzalez;21000;Costur`ero;26;F;Soltero;Preescolar;1;El Calavario
1186;Miguel Alejandro Gonzalez Flores;21000;Costur`ero;80;M;Casado;Primaria;5;Colina del Verbo
1328;Valeria Alejandro Flores Flores;0;Desempleado;8;F;Soltero;Primaria;5;Barrio La Cruz
1338;Fernanda Alejandro Ruiz Torres;0;Desempleado;10;F;Soltero;Primaria;1;19 de Julio
1197;Andres Alejandro Hernandez Perez;9500;Técnico Agropecuario;65;M;Casado;Técnico;3;Urbanización San Miguel
1185;Marta Alejandro Castro Gonzalez;0;Desempleado;15;F;Soltero;Secundaria;1;Barrio Medardo Andino
1126;Lucia Alejandro Martinez Flores;21000;Costur`ero;72;F;Casado;Preescolar;3;19 de Julio
1431;Pedro Alejandro Ruiz Torres;13500;Barbero;61;M;Soltero;Primaria;2;Barrio El Rosario
1232;Lucia Alejandro Ruiz Mendoza;13500;Barbero;61;F;Soltero;Primaria;3;Barrio Medardo Andino
1077;Sofia Alejandro Lopez Mendoza;13500;Barbero;78;F;Casado;Primaria;2;Barrio La Cruz
1022;Marta Alejandro Castro Gonzalez;0;Desempleado;6;F;Soltero;Primaria;2;San Judas
1084;Daniel Alejandro Perez Lopez;9000;Obrero;15;M;Soltero;Secundaria;1;El Calavario
1093;Camila Alejandro Lopez Martinez;0;Desempleado;16;F;Soltero;Secundaria;1;Barrio Guadalupe
1353;Jose Alejandro Torres Ruiz;0;Desempleado;38;M;Casado;Preescolar;1;Barrio Guadalupe
1010;Marta Alejandro Lopez Castro;13000;Conductor de taxi;54;F;Casado;Preescolar;1;Barrio Guadalupe
1322;Mario Alejandro Ruiz Torres;9000;Obrero;59;M;Soltero;Preescolar;3;El Calavario
1255;Ana Alejandro Torres Gonzalez;21000;Costur`ero;39;F;Soltero;Primaria;1;San Ramón
1329;Maria Alejandro Hernandez Torres;10000;Vendedor;75;F;Soltero;Técnico;1;Barrio Obrero
1137;Lucia Alejandro Ruiz Perez;11000;Comerciante Informal;48;F;Soltero;Primaria;3;Altamira del Este
1221;Daniel Alejandro Flores Gonzalez;10000;Vendedor;37;M;Soltero;Técnico;1;Barrio El Rosario
1141;Paula Alejandro Martinez Castro;0;Desempleado;1;F;Soltero;Preescolar;3;El Calavario
1314;Daniel Alejandro Lopez Perez;0;Desempleado;71;M;Casado;Primaria;5;Urbanización San Miguel
1496;Ana Alejandro Martinez Flores;17000;Albañil;52;F;Casado;Secundaria;5;Barrio Obrero
1222;Andres Alejandro Flores Martinez;0;Desempleado;79;M;Casado;Primaria;2;19 de Julio
1365;Camila Alejandro Gonzalez Lopez;10500;Cajero;22;F;Soltero;Técnico;1;Barrio Los Pinos
1342;Andres Alejandro Castro Torres;14500;Cocinero;28;M;Soltero;Primaria;1;Monimbó
1215;Elena Alejandro Mendoza Gonzalez;9000;Obrero;70;F;Casado;Primaria;1;Sol de libertad
1450;Miguel Alejandro Torres Gonzalez;9500;Técnico Agropecuario;52;M;Soltero;Técnico;3;Monimbó
1235;Ana Alejandro Gonzalez Martinez;0;Desempleado;23;F;Soltero;Preescolar;3;Barrio Obrero
1345;Miguel Alejandro Mendoza Flores;0;Desempleado;73;M;Casado;Primaria;2;Altamira del Este
1020;Paula Alejandro Torres Torres;0;Desempleado;5;F;Soltero;Preescolar;1;Barrio Medardo Andino
1053;Daniel Alejandro Perez Ruiz;0;Desempleado;26;M;Soltero;Preescolar;1;San Judas
1479;Sofia Alejandro Flores Torres;0;Desempleado;63;F;Casado;Preescolar;2;Altamira del Este
1069;Lucia Alejandro Mendoza Perez;0;Desempleado;2;F;Soltero;Preescolar;1;Barrio 19 de Julio
1056;Jose Alejandro Lopez Mendoza;0;Desempleado;30;M;Soltero;Preescolar;1;19 de Julio
1084;Marta Alejandro Hernandez Lopez;14000;Mesero;21;F;Soltero;Técnico;1;El Calavario
1412;Camila Alejandro Mendoza Perez;10000;Vendedor;41;F;Soltero;Técnico;1;Barrio El Calvario
1137;Marta Alejandro Gonzalez Castro;13500;Barbero;74;F;Casado;Primaria;3;Altamira del Este
1479;Fernanda Alejandro Perez Perez;13500;Barbero;38;F;Soltero;Primaria;2;Altamira del Este
1462;Marta Alejandro Martinez Flores;9000;Obrero;18;F;Soltero;Técnico;1;San Ramón
1411;Kevin Alejandro Torres Castro;17000;Albañil;39;M;Soltero;Secundaria;5;Altamira del Este
1477;Elena Alejandro Lopez Lopez;0;Desempleado;46;F;Soltero;Preescolar;2;El Calavario
1002;Kevin Alejandro Mendoza Gonzalez;0;Desempleado;8;M;Soltero;Primaria;1;Barrio 19 de Julio
1141;Juan Alejandro Gonzalez Torres;0;Desempleado;70;M;Soltero;Primaria;2;El Calavario
1038;Pedro Alejandro Hernandez Castro;14000;Mesero;20;M;Soltero;Técnico;1;Altamira del Este
1401;Kevin Alejandro Torres Gonzalez;12500;Repartidor;61;M;Casado;Primaria;5;María Auxiliadora
1160;Marta Alejandro Gonzalez Lopez;21000;Costur`ero;15;F;Soltero;Secundaria;1;San Ramón
1425;Daniel Alejandro Mendoza Hernandez;11000;Comerciante Informal;68;M;Casado;Primaria;3;Baká
1062;Maria Alejandro Ruiz Torres;0;Desempleado;1;F;Soltero;Preescolar;1;Colina del Verbo
1298;Ana Alejandro Torres Castro;8500;Campesino;27;F;Soltero;Primaria;4;Sol de libertad
1182;Andres Alejandro Torres Lopez;0;Desempleado;7;M;Soltero;Primaria;2;Barrio El Rosario
1128;Juan Alejandro Flores Hernandez;14500;Cocinero;18;M;Soltero;Técnico;1;Colina del Verbo
1460;Paula Alejandro Hernandez Hernandez;17000;Albañil;75;F;Casado;Secundaria;5;San Ramón
1080;Miguel Alejandro Martinez Martinez;0;Desempleado;3;M;Soltero;Preescolar;1;Barrio Los Pinos
1041;Fernanda Alejandro Ruiz Flores;8500;Campesino;56;F;Casado;Primaria;1;Barrio Guadalupe
1052;Mario Alejandro Perez Ruiz;17000;Albañil;40;M;Soltero;Secundaria;5;19 de Julio
1346;Lucia Alejandro Martinez Perez;11500;Dependiente de tienda;63;F;Casado;Técnico;1;Barrio Obrero
1158;Daniel Alejandro Mendoza Ruiz;12000;Trabajador doméstico;66;M;Casado;Primaria;4;María Auxiliadora
1306;Lucia Alejandro Castro Torres;8500;Campesino;57;F;Casado;Preescolar;2;Barrio El Rosario
1099;Elena Alejandro Hernandez Perez;0;Desempleado;4;F;Soltero;Preescolar;1;Barrio 19 de Julio
1068;Jose Alejandro Ruiz Castro;8500;Campesino;78;M;Casado;Preescolar;1;Barrio El Calvario
1451;Luis Alejandro Castro Perez;0;Desempleado;73;M;Casado;Preescolar;3;Urbanización San Miguel
1462;Elena Alejandro Hernandez Martinez;14500;Cocinero;50;F;Casado;Primaria;4;San Ramón
1326;Daniel Alejandro Flores Gonzalez;0;Desempleado;21;M;Casado;Técnico;1;Barrio Guadalupe
1058;Jose Alejandro Hernandez Perez;12000;Trabajador doméstico;69;M;Casado;Primaria;5;Barrio Medardo Andino
1446;Camila Alejandro Mendoza Gonzalez;12000;Trabajador doméstico;45;F;Casado;Preescolar;2;El Calavario
1017;Pedro Alejandro Lopez Mendoza;14500;Cocinero;18;M;Soltero;Técnico;1;19 de Julio
1059;Marta Alejandro Torres Castro;0;Desempleado;24;F;Soltero;Preescolar;1;Monimbó
1384;Sofia Alejandro Perez Martinez;14000;Mesero;65;F;Soltero;Preescolar;3;Altamira del Este
1160;Paula Alejandro Martinez Flores;18000;Carpintero;72;F;Casado;Secundaria;5;San Ramón
1222;Marta Alejandro Mendoza Perez;19000;Electricista;64;F;Soltero;Secundaria;5;19 de Julio
1257;Daniel Alejandro Gonzalez Flores;12500;Repartidor;56;M;Soltero;Preescolar;2;Barrio Guadalupe
1047;Pedro Alejandro Lopez Flores;0;Desempleado;5;M;Soltero;Preescolar;1;Barrio El Calvario
1292;Lucia Alejandro Lopez Torres;0;Desempleado;11;F;Soltero;Primaria;1;Barrio El Rosario
1039;Elena Alejandro Torres Torres;11000;Comerciante Informal;71;F;Casado;Preescolar;2;Sol de libertad
1205;Daniel Alejandro Flores Martinez;0;Desempleado;3;M;Soltero;Preescolar;3;María Auxiliadora
1389;Lucia Alejandro Gonzalez Mendoza;10500;Cajero;19;F;Soltero;Técnico;1;Sol de libertad
1263;Maria Alejandro Martinez Lopez;0;Desempleado;55;F;Soltero;Preescolar;1;Barrio El Calvario
1242;Kevin Alejandro Martinez Castro;17000;Albañil;49;M;Casado;Secundaria;5;Colina del Verbo
1397;Valeria Alejandro Ruiz Perez;17000;Albañil;72;F;Casado;Secundaria;5;Monimbó
1104;Miguel Alejandro Martinez Martinez;12000;Trabajador doméstico;39;M;Soltero;Preescolar;1;Barrio La Cruz
1007;Daniel Alejandro Torres Gonzalez;9500;Técnico Agropecuario;65;M;Casado;Técnico;3;Sol de libertad
1313;Miguel Alejandro Hernandez Castro;12000;Trabajador doméstico;39;M;Soltero;Primaria;2;Altamira del Este
1369;Lucia Alejandro Martinez Castro;11500;Dependiente de tienda;17;F;Soltero;Técnico;1;19 de Julio
1395;Ana Alejandro Martinez Hernandez;11500;Dependiente de tienda;67;F;Soltero;Técnico;1;Urbanización San Miguel
1500;Ana Alejandro Lopez Torres;0;Desempleado;67;F;Soltero;Preescolar;2;Baká
1268;Juan Alejandro Gonzalez Mendoza;0;Desempleado;48;M;Soltero;Preescolar;2;Altamira del Este
1012;Valeria Alejandro Flores Gonzalez;0;Desempleado;36;F;Soltero;Preescolar;3;Barrio Guadalupe
1294;Pedro Alejandro Castro Castro;16000;Médico general;25;M;Casado;Universidad;5;María Auxiliadora
1236;Miguel Alejandro Hernandez Flores;13500;Barbero;57;M;Casado;Preescolar;3;Urbanización San Miguel
1270;Jose Alejandro Gonzalez Gonzalez;12500;Repartidor;38;M;Soltero;Preescolar;1;Barrio Los Pinos
1324;Juan Alejandro Martinez Hernandez;0;Desempleado;38;M;Soltero;Primaria;5;Urbanización San Miguel
1326;Pedro Alejandro Mendoza Torres;0;Desempleado;16;M;Soltero;Secundaria;1;Barrio Guadalupe
1149;Miguel Alejandro Flores Martinez;11500;Dependiente de tienda;29;M;Soltero;Técnico;1;San Judas
1346;Jose Alejandro Flores Lopez;0;Desempleado;28;M;Soltero;Preescolar;2;Barrio Obrero
1173;Pedro Alejandro Hernandez Hernandez;12500;Repartidor;59;M;Soltero;Primaria;5;Monimbó
1231;Fernanda Alejandro Mendoza Torres;0;Desempleado;78;F;Casado;Primaria;1;Barrio El Calvario
1244;Valeria Alejandro Castro Castro;17000;Albañil;43;F;Soltero;Secundaria;5;Monimbó
1381;Mario Alejandro Flores Perez;21000;Costur`ero;68;M;Casado;Primaria;4;Colina del Verbo
1413;Juan Alejandro Torres Mendoza;0;Desempleado;71;M;Casado;Primaria;2;Barrio Medardo Andino
1473;Camila Alejandro Lopez Gonzalez;13000;Conductor de taxi;61;F;Casado;Preescolar;3;Sol de libertad
1049;Carlos Alejandro Lopez Martinez;0;Desempleado;9;M;Soltero;Primaria;3;Barrio El Rosario
1164;Elena Alejandro Flores Gonzalez;0;Desempleado;46;F;Soltero;Primaria;1;San Ramón
1287;Marta Alejandro Perez Lopez;13000;Conductor de taxi;30;F;Casado;Preescolar;3;Barrio La Cruz
1014;Miguel Alejandro Ruiz Gonzalez;0;Desempleado;43;M;Casado;Primaria;3;El Calavario
1180;Jose Alejandro Torres Ruiz;0;Desempleado;12;M;Soltero;Primaria;1;El Calavario
1096;Jose Alejandro Ruiz Flores;0;Desempleado;8;M;Soltero;Primaria;1;Barrio Obrero
1491;Carlos Alejandro Torres Ruiz;8500;Campesino;18;M;Soltero;Técnico;1;Baká
1052;Mario Alejandro Martinez Lopez;0;Desempleado;23;M;Soltero;Preescolar;3;19 de Julio
1365;Lucia Alejandro Castro Gonzalez;10500;Cajero;58;F;Casado;Técnico;1;Barrio Los Pinos
1300;Elena Alejandro Mendoza Perez;9000;Obrero;78;F;Casado;Primaria;5;María Auxiliadora
1255;Lucia Alejandro Flores Flores;9500;Técnico Agropecuario;43;F;Soltero;Técnico;3;San Ramón
1167;Ana Alejandro Perez Martinez;18000;Carpintero;18;F;Soltero;Secundaria;5;Barrio Los Pinos
1009;Kevin Alejandro Perez Perez;12000;Trabajador doméstico;36;M;Soltero;Primaria;2;Barrio Arnoldo Alemán
1106;Lucia Alejandro Gonzalez Flores;9000;Obrero;63;F;Soltero;Primaria;1;Colina del Verbo
1309;Pedro Alejandro Mendoza Torres;15500;Enfermero;47;M;Casado;Universidad;5;San Ramón
1159;Daniel Alejandro Torres Hernandez;14000;Mesero;32;M;Soltero;Primaria;3;Barrio El Rosario
1211;Daniel Alejandro Hernandez Ruiz;0;Desempleado;8;M;Soltero;Primaria;3;Barrio Los Pinos
1474;Ana Alejandro Ruiz Ruiz;0;Desempleado;78;F;Casado;Primaria;2;El Calavario
1050;Luis Alejandro Flores Perez;11500;Dependiente de tienda;46;M;Soltero;Técnico;1;Baká
1230;Jose Alejandro Perez Torres;10500;Cajero;35;M;Soltero;Técnico;1;Barrio 19 de Julio
1432;Daniel Alejandro Ruiz Castro;13500;Barbero;27;M;Soltero;Preescolar;1;Monimbó
1155;Sofia Alejandro Mendoza Hernandez;0;Desempleado;15;F;Soltero;Secundaria;1;Colina del Verbo
1308;Kevin Alejandro Gonzalez Torres;12500;Repartidor;65;M;Casado;Primaria;1;María Auxiliadora
1368;Luis Alejandro Castro Perez;0;Desempleado;75;M;Casado;Primaria;3;María Auxiliadora
1027;Pedro Alejandro Perez Gonzalez;0;Desempleado;13;M;Soltero;Secundaria;1;Urbanización San Miguel
1357;Sofia Alejandro Ruiz Mendoza;0;Desempleado;58;F;Soltero;Primaria;4;Urbanización San Miguel
1148;Valeria Alejandro Castro Martinez;9000;Obrero;78;F;Casado;Primaria;3;Barrio Guadalupe
1442;Elena Alejandro Hernandez Lopez;0;Desempleado;14;F;Soltero;Secundaria;1;Colina del Verbo
1421;Maria Alejandro Torres Hernandez;11000;Comerciante Informal;44;F;Casado;Primaria;4;El Calavario
1263;Luis Alejandro Perez Martinez;11500;Dependiente de tienda;30;M;Soltero;Técnico;1;Barrio El Calvario
1166;Paula Alejandro Ruiz Martinez;0;Desempleado;14;F;Soltero;Secundaria;1;Sol de libertad
1314;Carlos Alejandro Castro Flores;11500;Dependiente de tienda;65;M;Soltero;Técnico;1;Urbanización San Miguel
1407;Juan Alejandro Ruiz Castro;13000;Conductor de taxi;22;M;Soltero;Técnico;1;Barrio Los Pinos
1253;Marta Alejandro Perez Lopez;0;Desempleado;39;F;Casado;Preescolar;3;Baká
1067;Andres Alejandro Martinez Castro;21000;Costur`ero;50;M;Casado;Primaria;5;Barrio Guadalupe
1366;Jose Alejandro Flores Perez;0;Desempleado;18;M;Soltero;Técnico;1;El Calavario
1017;Daniel Alejandro Ruiz Flores;9000;Obrero;54;M;Soltero;Primaria;1;19 de Julio
1059;Carlos Alejandro Hernandez Flores;0;Desempleado;75;M;Casado;Primaria;2;Monimbó
1451;Andres Alejandro Ruiz Torres;0;Desempleado;19;M;Soltero;Técnico;1;Urbanización San Miguel
1006;Ana Alejandro Gonzalez Gonzalez;13000;Conductor de taxi;22;F;Soltero;Técnico;1;Barrio Arnoldo Alemán
1379;Daniel Alejandro Torres Castro;13000;Conductor de taxi;32;M;Soltero;Primaria;4;María Auxiliadora
1152;Lucia Alejandro Perez Perez;0;Desempleado;11;F;Soltero;Primaria;3;Monimbó
1350;Carlos Alejandro Mendoza Ruiz;18000;Carpintero;40;M;Soltero;Secundaria;5;Barrio El Rosario
1414;Valeria Alejandro Torres Mendoza;10500;Cajero;38;F;Casado;Técnico;1;Barrio Arnoldo Alemán
1250;Valeria Alejandro Ruiz Hernandez;19000;Electricista;40;F;Soltero;Secundaria;5;María Auxiliadora
1443;Carlos Alejandro Torres Ruiz;9500;Técnico Agropecuario;17;M;Soltero;Técnico;3;San Judas
1005;Camila Alejandro Mendoza Gonzalez;18000;Carpintero;67;F;Casado;Secundaria;5;Monimbó
1116;Daniel Alejandro Gonzalez Lopez;11500;Dependiente de tienda;79;M;Casado;Técnico;1;Altamira del Este
1406;Fernanda Alejandro Lopez Perez;0;Desempleado;61;F;Casado;Preescolar;2;San Ramón
1395;Miguel Alejandro Castro Mendoza;12000;Trabajador doméstico;24;M;Soltero;Preescolar;1;Urbanización San Miguel
1176;Camila Alejandro Castro Hernandez;0;Desempleado;26;F;Soltero;Preescolar;2;Altamira del Este
1327;Daniel Alejandro Ruiz Mendoza;21000;Costur`ero;42;M;Casado;Preescolar;2;Sol de libertad
1411;Mario Alejandro Castro Hernandez;0;Desempleado;42;M;Casado;Preescolar;2;Altamira del Este
1367;Miguel Alejandro Gonzalez Ruiz;8500;Campesino;41;M;Soltero;Primaria;2;Barrio Guadalupe
1491;Daniel Alejandro Castro Castro;16000;Médico general;59;M;Casado;Universidad;5;Baká
1195;Andres Alejandro Castro Perez;13000;Conductor de taxi;59;M;Soltero;Primaria;2;Barrio El Rosario
1304;Pedro Alejandro Perez Torres;12000;Trabajador doméstico;79;M;Casado;Primaria;1;Urbanización San Miguel
1088;Kevin Alejandro Torres Mendoza;10000;Vendedor;73;M;Casado;Técnico;1;Barrio Guadalupe
1182;Juan Alejandro Perez Hernandez;0;Desempleado;12;M;Soltero;Primaria;3;Barrio El Rosario
1374;Paula Alejandro Martinez Lopez;9500;Técnico Agropecuario;48;F;Soltero;Técnico;3;Barrio Guadalupe
1080;Camila Alejandro Ruiz Castro;13500;Barbero;66;F;Casado;Preescolar;1;Barrio Los Pinos
1063;Valeria Alejandro Castro Lopez;15500;Enfermero;63;F;Casado;Universidad;5;Altamira del Este
1285;Fernanda Alejandro Martinez Gonzalez;0;Desempleado;23;F;Soltero;Preescolar;3;El Calavario
1111;Ana Alejandro Ruiz Ruiz;0;Desempleado;66;F;Casado;Preescolar;2;Colina del Verbo
1168;Miguel Alejandro Perez Torres;12500;Repartidor;17;M;Soltero;Secundaria;1;San Judas
1397;Elena Alejandro Flores Gonzalez;0;Desempleado;13;F;Soltero;Secundaria;1;Monimbó
1115;Fernanda Alejandro Castro Ruiz;0;Desempleado;9;F;Soltero;Primaria;4;19 de Julio
1489;Kevin Alejandro Ruiz Ruiz;0;Desempleado;25;M;Casado;Preescolar;1;Barrio El Calvario
1218;Jose Alejandro Ruiz Torres;12500;Repartidor;71;M;Casado;Primaria;2;Barrio Los Pinos
1117;Pedro Alejandro Perez Perez;21000;Costur`ero;16;M;Soltero;Secundaria;1;Barrio Arnoldo Alemán
1191;Camila Alejandro Perez Lopez;0;Desempleado;5;F;Soltero;Preescolar;1;Barrio Guadalupe
1206;Miguel Alejandro Castro Perez;0;Desempleado;52;M;Casado;Primaria;4;San Ramón
1149;Carlos Alejandro Castro Martinez;11500;Dependiente de tienda;21;M;Soltero;Técnico;1;San Judas
1175;Sofia Alejandro Torres Hernandez;9000;Obrero;62;F;Casado;Primaria;5;Sol de libertad
1144;Luis Alejandro Hernandez Torres;10000;Vendedor;77;M;Casado;Técnico;1;Barrio 19 de Julio
1463;Ana Alejandro Martinez Lopez;13000;Conductor de taxi;50;F;Soltero;Primaria;3;Barrio Los Pinos
1397;Jose Alejandro Hernandez Ruiz;0;Desempleado;8;M;Soltero;Primaria;5;Monimbó
1027;Paula Alejandro Lopez Hernandez;13500;Barbero;80;F;Casado;Primaria;1;Urbanización San Miguel
1451;Juan Alejandro Castro Mendoza;14500;Cocinero;60;M;Soltero;Primaria;2;Urbanización San Miguel
1083;Luis Alejandro Gonzalez Gonzalez;11000;Comerciante Informal;17;M;Soltero;Secundaria;1;Sol de libertad
1173;Mario Alejandro Perez Martinez;17000;Albañil;76;M;Casado;Secundaria;5;Monimbó
1349;Pedro Alejandro Castro Torres;0;Desempleado;14;M;Soltero;Secundaria;1;Altamira del Este
1481;Lucia Alejandro Perez Flores;13500;Barbero;41;F;Casado;Primaria;2;San Judas
1329;Jose Alejandro Hernandez Flores;12500;Repartidor;28;M;Soltero;Preescolar;3;Barrio Obrero
1201;Valeria Alejandro Castro Perez;15500;Enfermero;59;F;Casado;Universidad;5;Barrio Obrero
1308;Jose Alejandro Ruiz Lopez;0;Desempleado;34;M;Soltero;Primaria;3;María Auxiliadora
1212;Lucia Alejandro Lopez Flores;10500;Cajero;26;F;Casado;Técnico;1;Barrio La Cruz
1116;Marta Alejandro Lopez Flores;11000;Comerciante Informal;46;F;Casado;Primaria;5;Altamira del Este
1491;Paula Alejandro Martinez Martinez;0;Desempleado;75;F;Casado;Preescolar;2;Baká
1027;Luis Alejandro Flores Hernandez;11000;Comerciante Informal;32;M;Soltero;Primaria;1;Urbanización San Miguel
1086;Marta Alejandro Ruiz Flores;0;Desempleado;1;F;Soltero;Preescolar;1;Barrio Guadalupe
1106;Juan Alejandro Ruiz Perez;17000;Albañil;20;M;Soltero;Secundaria;5;Colina del Verbo
1229;Maria Alejandro Ruiz Castro;0;Desempleado;68;F;Casado;Preescolar;1;Urbanización San Miguel
1041;Jose Alejandro Torres Gonzalez;11000;Comerciante Informal;54;M;Casado;Preescolar;1;Barrio Guadalupe
1124;Carlos Alejandro Castro Flores;0;Desempleado;8;M;Soltero;Primaria;3;Barrio La Cruz
1456;Lucia Alejandro Martinez Ruiz;0;Desempleado;42;F;Soltero;Preescolar;3;Barrio La Cruz
1349;Sofia Alejandro Martinez Mendoza;0;Desempleado;1;F;Soltero;Preescolar;3;Altamira del Este
1073;Lucia Alejandro Torres Perez;11000;Comerciante Informal;27;F;Soltero;Primaria;4;19 de Julio
1385;Fernanda Alejandro Gonzalez Hernandez;15000;Maestro;24;F;Soltero;Universidad;5;Monimbó
1188;Juan Alejandro Flores Perez;11000;Comerciante Informal;20;M;Soltero;Técnico;1;San Judas
1207;Carlos Alejandro Torres Martinez;0;Desempleado;80;M;Casado;Primaria;2;Barrio La Cruz
1362;Paula Alejandro Ruiz Castro;11500;Dependiente de tienda;44;F;Soltero;Técnico;1;Urbanización San Miguel
1044;Miguel Alejandro Torres Torres;9000;Obrero;30;M;Soltero;Preescolar;2;Barrio El Calvario
1061;Valeria Alejandro Flores Flores;0;Desempleado;1;F;Soltero;Preescolar;3;Barrio 19 de Julio
1323;Elena Alejandro Castro Martinez;0;Desempleado;21;F;Soltero;Técnico;1;Baká
1054;Juan Alejandro Torres Perez;0;Desempleado;77;M;Casado;Primaria;2;Barrio Obrero
1091;Pedro Alejandro Mendoza Mendoza;17000;Albañil;31;M;Soltero;Secundaria;5;Barrio Arnoldo Alemán
1187;Carlos Alejandro Flores Hernandez;18000;Carpintero;45;M;Soltero;Secundaria;5;El Calavario
1158;Ana Alejandro Martinez Castro;8500;Campesino;47;F;Casado;Preescolar;1;María Auxiliadora
1396;Luis Alejandro Perez Torres;0;Desempleado;5;M;Soltero;Preescolar;1;Altamira del Este
1295;Elena Alejandro Torres Mendoza;9500;Técnico Agropecuario;64;F;Casado;Técnico;3;Barrio Guadalupe
1141;Valeria Alejandro Flores Martinez;0;Desempleado;54;F;Casado;Preescolar;3;El Calavario
1293;Fernanda Alejandro Flores Castro;18000;Carpintero;32;F;Soltero;Secundaria;5;Colina del Verbo
1320;Sofia Alejandro Castro Martinez;12500;Repartidor;58;F;Casado;Preescolar;2;Altamira del Este
1358;Fernanda Alejandro Hernandez Flores;0;Desempleado;66;F;Casado;Preescolar;1;Barrio La Cruz
1121;Miguel Alejandro Lopez Gonzalez;0;Desempleado;4;M;Soltero;Preescolar;1;Barrio La Cruz
1353;Lucia Alejandro Hernandez Martinez;18000;Carpintero;33;F;Soltero;Secundaria;5;Barrio Guadalupe
1354;Elena Alejandro Mendoza Gonzalez;14500;Cocinero;79;F;Casado;Primaria;5;Altamira del Este
1277;Lucia Alejandro Mendoza Castro;14500;Cocinero;18;F;Soltero;Técnico;1;Colina del Verbo
1274;Miguel Alejandro Martinez Castro;10500;Cajero;76;M;Casado;Técnico;1;San Ramón
1150;Elena Alejandro Lopez Gonzalez;15000;Maestro;66;F;Soltero;Universidad;5;Barrio 19 de Julio
1228;Marta Alejandro Torres Martinez;14000;Mesero;35;F;Soltero;Preescolar;3;Barrio Arnoldo Alemán
1429;Lucia Alejandro Ruiz Mendoza;13500;Barbero;58;F;Casado;Primaria;3;Monimbó
1161;Paula Alejandro Torres Castro;12500;Repartidor;44;F;Casado;Preescolar;3;San Ramón
1148;Luis Alejandro Mendoza Gonzalez;0;Desempleado;11;M;Soltero;Primaria;3;Barrio Guadalupe
1265;Valeria Alejandro Torres Ruiz;13500;Barbero;62;F;Soltero;Primaria;4;Barrio El Calvario
1486;Fernanda Alejandro Flores Castro;0;Desempleado;40;F;Casado;Primaria;3;Barrio 19 de Julio
1438;Lucia Alejandro Flores Perez;18000;Carpintero;60;F;Casado;Secundaria;5;María Auxiliadora
1059;Elena Alejandro Martinez Mendoza;0;Desempleado;15;F;Soltero;Secundaria;1;Monimbó
1267;Fernanda Alejandro Torres Ruiz;10500;Cajero;37;F;Casado;Técnico;1;San Ramón
1426;Kevin Alejandro Gonzalez Gonzalez;8500;Campesino;56;M;Soltero;Preescolar;3;Monimbó
1431;Pedro Alejandro Hernandez Gonzalez;14000;Mesero;45;M;Soltero;Primaria;1;Barrio El Rosario
1332;Maria Alejandro Flores Torres;11000;Comerciante Informal;30;F;Soltero;Preescolar;3;San Ramón
1162;Camila Alejandro Castro Mendoza;0;Desempleado;9;F;Soltero;Primaria;2;Monimbó
1024;Marta Alejandro Ruiz Martinez;17000;Albañil;50;F;Soltero;Secundaria;5;Barrio Obrero
1484;Juan Alejandro Lopez Mendoza;10000;Vendedor;64;M;Soltero;Técnico;1;El Calavario
1258;Pedro Alejandro Gonzalez Torres;0;Desempleado;21;M;Casado;Técnico;1;19 de Julio
1261;Paula Alejandro Castro Martinez;0;Desempleado;27;F;Soltero;Preescolar;2;Altamira del Este
1225;Valeria Alejandro Hernandez Flores;0;Desempleado;13;F;Soltero;Secundaria;1;Monimbó
1472;Kevin Alejandro Hernandez Torres;10000;Vendedor;57;M;Casado;Técnico;1;Barrio Los Pinos
1230;Jose Alejandro Hernandez Lopez;0;Desempleado;10;M;Soltero;Primaria;2;Barrio 19 de Julio
1262;Maria Alejandro Lopez Perez;0;Desempleado;54;F;Soltero;Preescolar;2;Colina del Verbo
1357;Daniel Alejandro Torres Ruiz;11500;Dependiente de tienda;41;M;Soltero;Técnico;1;Urbanización San Miguel
1087;Daniel Alejandro Mendoza Lopez;14000;Mesero;69;M;Soltero;Preescolar;2;Barrio Los Pinos
1100;Carlos Alejandro Gonzalez Lopez;10500;Cajero;24;M;Soltero;Técnico;1;Barrio El Calvario
1395;Ana Alejandro Gonzalez Torres;0;Desempleado;67;F;Soltero;Preescolar;1;Urbanización San Miguel
1145;Valeria Alejandro Hernandez Flores;0;Desempleado;57;F;Soltero;Primaria;5;San Judas
1202;Carlos Alejandro Castro Lopez;0;Desempleado;77;M;Casado;Primaria;4;Barrio Guadalupe
1246;Luis Alejandro Flores Martinez;0;Desempleado;66;M;Casado;Primaria;2;Sol de libertad
1147;Marta Alejandro Castro Hernandez;0;Desempleado;19;F;Soltero;Técnico;1;San Judas
1467;Luis Alejandro Perez Torres;14000;Mesero;54;M;Casado;Primaria;4;María Auxiliadora
1213;Mario Alejandro Flores Ruiz;0;Desempleado;2;M;Soltero;Preescolar;1;Barrio Medardo Andino
1331;Kevin Alejandro Perez Martinez;0;Desempleado;11;M;Soltero;Primaria;1;Barrio El Calvario
1307;Daniel Alejandro Ruiz Lopez;17000;Albañil;46;M;Soltero;Secundaria;5;Barrio 19 de Julio
1465;Pedro Alejandro Ruiz Castro;12500;Repartidor;63;M;Soltero;Primaria;2;19 de Julio
1080;Sofia Alejandro Lopez Hernandez;14500;Cocinero;39;F;Soltero;Primaria;3;Barrio Los Pinos
1261;Fernanda Alejandro Mendoza Hernandez;9500;Técnico Agropecuario;54;F;Soltero;Técnico;3;Altamira del Este
1034;Daniel Alejandro Torres Castro;10000;Vendedor;19;M;Soltero;Técnico;1;El Calavario
1076;Ana Alejandro Castro Torres;8500;Campesino;15;F;Soltero;Secundaria;1;Sol de libertad
1008;Paula Alejandro Ruiz Flores;11000;Comerciante Informal;78;F;Casado;Primaria;4;Barrio Arnoldo Alemán
1134;Juan Alejandro Hernandez Gonzalez;14000;Mesero;45;M;Soltero;Primaria;3;Barrio La Cruz
1173;Luis Alejandro Hernandez Gonzalez;0;Desempleado;4;M;Soltero;Preescolar;1;Monimbó
1143;Andres Alejandro Mendoza Flores;8500;Campesino;66;M;Soltero;Primaria;3;Barrio Medardo Andino
1275;Marta Alejandro Lopez Castro;0;Desempleado;14;F;Soltero;Secundaria;1;Altamira del Este
1148;Maria Alejandro Castro Flores;8500;Campesino;17;F;Soltero;Secundaria;1;Barrio Guadalupe
1226;Marta Alejandro Ruiz Castro;0;Desempleado;13;F;Soltero;Secundaria;1;Altamira del Este
1038;Mario Alejandro Lopez Perez;11500;Dependiente de tienda;46;M;Casado;Técnico;1;Altamira del Este
1024;Daniel Alejandro Gonzalez Castro;13500;Barbero;40;M;Soltero;Preescolar;1;Barrio Obrero
1067;Sofia Alejandro Lopez Hernandez;0;Desempleado;12;F;Soltero;Primaria;5;Barrio Guadalupe
1086;Pedro Alejandro Perez Gonzalez;0;Desempleado;34;M;Casado;Preescolar;2;Barrio Guadalupe
1372;Kevin Alejandro Hernandez Hernandez;8500;Campesino;44;M;Soltero;Primaria;1;Monimbó
1195;Lucia Alejandro Castro Martinez;11000;Comerciante Informal;66;F;Soltero;Preescolar;2;Barrio El Rosario
1178;Lucia Alejandro Ruiz Lopez;17000;Albañil;76;F;Casado;Secundaria;5;San Ramón
1165;Daniel Alejandro Ruiz Perez;9000;Obrero;59;M;Casado;Primaria;3;Barrio El Rosario
1191;Sofia Alejandro Ruiz Lopez;0;Desempleado;62;F;Soltero;Preescolar;2;Barrio Guadalupe
1101;Paula Alejandro Torres Torres;0;Desempleado;28;F;Soltero;Primaria;5;19 de Julio
1377;Jose Alejandro Lopez Flores;9500;Técnico Agropecuario;29;M;Soltero;Técnico;3;Colina del Verbo
1186;Elena Alejandro Lopez Lopez;0;Desempleado;10;F;Soltero;Primaria;1;Colina del Verbo
1212;Ana Alejandro Castro Ruiz;9500;Técnico Agropecuario;15;F;Soltero;Técnico;3;Barrio La Cruz
1225;Miguel Alejandro Mendoza Lopez;0;Desempleado;51;M;Soltero;Primaria;4;Monimbó
1204;Mario Alejandro Lopez Flores;18000;Carpintero;74;M;Casado;Secundaria;5;Barrio Arnoldo Alemán
1170;Mario Alejandro Perez Castro;12500;Repartidor;72;M;Casado;Primaria;4;Monimbó
1373;Kevin Alejandro Gonzalez Ruiz;0;Desempleado;1;M;Soltero;Preescolar;1;Barrio La Cruz
1120;Maria Alejandro Martinez Hernandez;0;Desempleado;79;F;Casado;Preescolar;1;Barrio Guadalupe
1242;Fernanda Alejandro Hernandez Martinez;12500;Repartidor;70;F;Casado;Preescolar;2;Colina del Verbo
1219;Daniel Alejandro Martinez Gonzalez;10000;Vendedor;42;M;Soltero;Técnico;1;María Auxiliadora
1299;Daniel Alejandro Flores Martinez;21000;Costur`ero;24;M;Soltero;Preescolar;1;Sol de libertad
1224;Luis Alejandro Ruiz Perez;0;Desempleado;43;M;Soltero;Primaria;3;Barrio El Calvario
1120;Kevin Alejandro Ruiz Lopez;0;Desempleado;22;M;Soltero;Técnico;1;Barrio Guadalupe
1076;Maria Alejandro Torres Torres;14000;Mesero;27;F;Soltero;Primaria;1;Sol de libertad
1016;Marta Alejandro Flores Hernandez;0;Desempleado;63;F;Casado;Primaria;5;Barrio La Cruz
1339;Daniel Alejandro Mendoza Perez;21000;Costur`ero;36;M;Casado;Preescolar;3;Barrio Medardo Andino
1373;Elena Alejandro Hernandez Torres;0;Desempleado;25;F;Casado;Preescolar;1;Barrio La Cruz
1059;Andres Alejandro Gonzalez Castro;0;Desempleado;6;M;Soltero;Primaria;5;Monimbó
1451;Fernanda Alejandro Perez Lopez;0;Desempleado;36;F;Soltero;Preescolar;2;Urbanización San Miguel
1264;Andres Alejandro Gonzalez Gonzalez;15500;Enfermero;33;M;Soltero;Universidad;5;El Calavario
1048;Mario Alejandro Flores Ruiz;12500;Repartidor;44;M;Casado;Preescolar;3;San Ramón
1197;Juan Alejandro Gonzalez Mendoza;17000;Albañil;27;M;Soltero;Secundaria;5;Urbanización San Miguel
1431;Fernanda Alejandro Torres Lopez;0;Desempleado;26;F;Soltero;Preescolar;2;Barrio El Rosario
1423;Carlos Alejandro Castro Gonzalez;18000;Carpintero;77;M;Casado;Secundaria;5;Barrio Obrero
1250;Paula Alejandro Ruiz Gonzalez;11500;Dependiente de tienda;14;F;Soltero;Técnico;1;María Auxiliadora
1204;Mario Alejandro Lopez Ruiz;0;Desempleado;56;M;Soltero;Primaria;1;Barrio Arnoldo Alemán
1082;Miguel Alejandro Mendoza Lopez;10000;Vendedor;14;M;Soltero;Técnico;1;Barrio Guadalupe
1194;Mario Alejandro Lopez Hernandez;21000;Costur`ero;63;M;Soltero;Primaria;5;Barrio Medardo Andino
1141;Sofia Alejandro Ruiz Ruiz;0;Desempleado;12;F;Soltero;Primaria;1;El Calavario
1217;Camila Alejandro Martinez Hernandez;9500;Técnico Agropecuario;59;F;Casado;Técnico;3;19 de Julio
1178;Camila Alejandro Gonzalez Flores;19000;Electricista;29;F;Soltero;Secundaria;5;San Ramón
1278;Daniel Alejandro Ruiz Flores;0;Desempleado;1;M;Soltero;Preescolar;1;Altamira del Este
1353;Paula Alejandro Hernandez Hernandez;12500;Repartidor;75;F;Casado;Preescolar;1;Barrio Guadalupe
1057;Camila Alejandro Martinez Flores;13500;Barbero;26;F;Soltero;Preescolar;2;María Auxiliadora
1049;Fernanda Alejandro Lopez Flores;14500;Cocinero;69;F;Casado;Preescolar;1;Barrio El Rosario
1363;Marta Alejandro Flores Lopez;0;Desempleado;9;F;Soltero;Primaria;1;Barrio La Cruz
1417;Pedro Alejandro Lopez Martinez;15000;Maestro;72;M;Casado;Universidad;5;Barrio Guadalupe
1311;Fernanda Alejandro Gonzalez Castro;11500;Dependiente de tienda;37;F;Casado;Técnico;1;El Calavario
1234;Pedro Alejandro Mendoza Hernandez;0;Desempleado;5;M;Soltero;Preescolar;1;Altamira del Este
1147;Valeria Alejandro Torres Martinez;0;Desempleado;12;F;Soltero;Primaria;1;San Judas
1144;Pedro Alejandro Perez Gonzalez;0;Desempleado;64;M;Soltero;Preescolar;2;Barrio 19 de Julio
1083;Juan Alejandro Lopez Gonzalez;0;Desempleado;66;M;Soltero;Primaria;5;Sol de libertad
1444;Carlos Alejandro Mendoza Mendoza;17000;Albañil;51;M;Soltero;Secundaria;5;Sol de libertad
1022;Ana Alejandro Hernandez Gonzalez;0;Desempleado;74;F;Casado;Preescolar;3;San Judas
1065;Paula Alejandro Hernandez Torres;0;Desempleado;49;F;Casado;Primaria;3;Barrio Obrero
1450;Miguel Alejandro Lopez Castro;11000;Comerciante Informal;41;M;Soltero;Primaria;5;Monimbó
1204;Elena Alejandro Gonzalez Castro;0;Desempleado;11;F;Soltero;Primaria;1;Barrio Arnoldo Alemán
1135;Ana Alejandro Gonzalez Lopez;9000;Obrero;69;F;Casado;Primaria;2;Monimbó
1274;Elena Alejandro Flores Gonzalez;8500;Campesino;40;F;Casado;Primaria;1;San Ramón
1346;Elena Alejandro Castro Lopez;12500;Repartidor;15;F;Soltero;Secundaria;1;Barrio Obrero
1278;Andres Alejandro Perez Castro;0;Desempleado;4;M;Soltero;Preescolar;1;Altamira del Este
1183;Valeria Alejandro Perez Hernandez;14500;Cocinero;79;F;Casado;Preescolar;2;Barrio Obrero
1211;Paula Alejandro Perez Mendoza;0;Desempleado;61;F;Soltero;Primaria;3;Barrio Los Pinos
1362;Marta Alejandro Ruiz Mendoza;0;Desempleado;12;F;Soltero;Primaria;2;Urbanización San Miguel
1352;Miguel Alejandro Mendoza Gonzalez;13500;Barbero;24;M;Casado;Primaria;4;Barrio Arnoldo Alemán
1095;Sofia Alejandro Castro Mendoza;0;Desempleado;9;F;Soltero;Primaria;1;19 de Julio
1498;Marta Alejandro Mendoza Castro;0;Desempleado;21;F;Soltero;Técnico;1;Barrio El Calvario
1039;Elena Alejandro Perez Hernandez;12500;Repartidor;37;F;Soltero;Primaria;2;Sol de libertad
1418;Miguel Alejandro Torres Ruiz;0;Desempleado;52;M;Casado;Primaria;5;Monimbó
1450;Pedro Alejandro Mendoza Ruiz;14000;Mesero;46;M;Soltero;Primaria;2;Monimbó
1221;Maria Alejandro Castro Martinez;18000;Carpintero;80;F;Casado;Secundaria;5;Barrio El Rosario
1341;Andres Alejandro Castro Lopez;12500;Repartidor;53;M;Soltero;Preescolar;3;Urbanización San Miguel
1421;Camila Alejandro Lopez Torres;0;Desempleado;28;F;Soltero;Primaria;3;El Calavario
1392;Ana Alejandro Gonzalez Hernandez;0;Desempleado;14;F;Soltero;Secundaria;1;Barrio Arnoldo Alemán
1471;Juan Alejandro Martinez Lopez;0;Desempleado;31;M;Casado;Preescolar;1;Barrio El Rosario
1439;Fernanda Alejandro Lopez Ruiz;0;Desempleado;56;F;Soltero;Primaria;5;Barrio La Cruz
1484;Andres Alejandro Lopez Martinez;0;Desempleado;49;M;Soltero;Preescolar;2;El Calavario
1012;Valeria Alejandro Hernandez Ruiz;0;Desempleado;40;F;Soltero;Primaria;5;Barrio Guadalupe
1341;Maria Alejandro Hernandez Ruiz;0;Desempleado;6;F;Soltero;Primaria;1;Urbanización San Miguel
1289;Miguel Alejandro Torres Hernandez;10000;Vendedor;65;M;Soltero;Técnico;1;Colina del Verbo
1399;Andres Alejandro Ruiz Flores;14500;Cocinero;62;M;Casado;Primaria;5;María Auxiliadora
1071;Valeria Alejandro Gonzalez Flores;21000;Costur`ero;26;F;Casado;Preescolar;1;Barrio Guadalupe
1257;Andres Alejandro Torres Perez;17000;Albañil;72;M;Casado;Secundaria;5;Barrio Guadalupe
1259;Marta Alejandro Castro Lopez;0;Desempleado;45;F;Casado;Preescolar;2;Barrio La Cruz
1456;Juan Alejandro Lopez Perez;18000;Carpintero;30;M;Soltero;Secundaria;5;Barrio La Cruz
1353;Kevin Alejandro Flores Gonzalez;0;Desempleado;31;M;Soltero;Primaria;5;Barrio Guadalupe
1497;Sofia Alejandro Gonzalez Hernandez;0;Desempleado;79;F;Casado;Primaria;4;Colina del Verbo
1431;Mario Alejandro Hernandez Ruiz;0;Desempleado;20;M;Soltero;Técnico;1;Barrio El Rosario
1291;Carlos Alejandro Hernandez Castro;9000;Obrero;56;M;Soltero;Preescolar;1;Urbanización San Miguel
1339;Camila Alejandro Ruiz Gonzalez;12000;Trabajador doméstico;51;F;Soltero;Preescolar;3;Barrio Medardo Andino
1385;Pedro Alejandro Martinez Castro;14000;Mesero;58;M;Soltero;Primaria;4;Monimbó
1081;Juan Alejandro Lopez Ruiz;0;Desempleado;4;M;Soltero;Preescolar;1;San Ramón
1316;Elena Alejandro Perez Mendoza;13500;Barbero;18;F;Soltero;Técnico;1;Colina del Verbo
1188;Fernanda Alejandro Hernandez Flores;0;Desempleado;40;F;Soltero;Preescolar;1;San Judas
1208;Lucia Alejandro Hernandez Flores;0;Desempleado;73;F;Casado;Primaria;4;Urbanización San Miguel
1096;Mario Alejandro Hernandez Flores;13500;Barbero;34;M;Soltero;Primaria;3;Barrio Obrero
1295;Lucia Alejandro Martinez Torres;12500;Repartidor;27;F;Soltero;Preescolar;2;Barrio Guadalupe
1114;Juan Alejandro Flores Mendoza;0;Desempleado;12;M;Soltero;Primaria;4;Barrio El Calvario
1205;Lucia Alejandro Torres Martinez;0;Desempleado;14;F;Soltero;Secundaria;1;María Auxiliadora
1404;Andres Alejandro Ruiz Castro;0;Desempleado;3;M;Soltero;Preescolar;1;Baká
1103;Andres Alejandro Castro Ruiz;11500;Dependiente de tienda;61;M;Soltero;Técnico;1;Barrio Medardo Andino
1237;Lucia Alejandro Gonzalez Perez;17000;Albañil;46;F;Casado;Secundaria;5;Barrio Obrero
1372;Pedro Alejandro Torres Flores;17000;Albañil;56;M;Soltero;Secundaria;5;Monimbó
1081;Carlos Alejandro Flores Torres;0;Desempleado;11;M;Soltero;Primaria;1;San Ramón
1077;Carlos Alejandro Flores Perez;11500;Dependiente de tienda;68;M;Casado;Técnico;1;Barrio La Cruz
1305;Valeria Alejandro Torres Lopez;8500;Campesino;64;F;Casado;Preescolar;1;Monimbó
1291;Luis Alejandro Perez Martinez;18000;Carpintero;16;M;Soltero;Secundaria;5;Urbanización San Miguel
1024;Juan Alejandro Lopez Lopez;17000;Albañil;50;M;Casado;Secundaria;5;Barrio Obrero
1416;Paula Alejandro Perez Torres;11500;Dependiente de tienda;74;F;Casado;Técnico;1;San Ramón
1110;Paula Alejandro Hernandez Torres;21000;Costur`ero;50;F;Soltero;Preescolar;3;Barrio Guadalupe
1106;Pedro Alejandro Lopez Torres;12000;Trabajador doméstico;47;M;Soltero;Primaria;3;Colina del Verbo
1140;Ana Alejandro Hernandez Flores;13500;Barbero;39;F;Soltero;Preescolar;2;Barrio El Rosario
1373;Sofia Alejandro Torres Mendoza;0;Desempleado;11;F;Soltero;Primaria;2;Barrio La Cruz
1183;Maria Alejandro Lopez Martinez;13500;Barbero;73;F;Soltero;Preescolar;1;Barrio Obrero
1398;Camila Alejandro Lopez Flores;10500;Cajero;15;F;Soltero;Técnico;1;Barrio La Cruz
1339;Marta Alejandro Martinez Hernandez;10500;Cajero;58;F;Casado;Técnico;1;Barrio Medardo Andino
1219;Paula Alejandro Ruiz Martinez;17000;Albañil;60;F;Soltero;Secundaria;5;María Auxiliadora
1230;Miguel Alejandro Lopez Torres;12000;Trabajador doméstico;34;M;Soltero;Primaria;5;Barrio 19 de Julio
1383;Andres Alejandro Flores Hernandez;11000;Comerciante Informal;46;M;Soltero;Preescolar;2;Colina del Verbo
1477;Marta Alejandro Perez Castro;21000;Costur`ero;41;F;Soltero;Preescolar;2;El Calavario
1304;Ana Alejandro Hernandez Hernandez;12500;Repartidor;24;F;Soltero;Primaria;5;Urbanización San Miguel
1248;Marta Alejandro Hernandez Martinez;0;Desempleado;10;F;Soltero;Primaria;1;Barrio Arnoldo Alemán
1371;Daniel Alejandro Martinez Torres;0;Desempleado;52;M;Soltero;Preescolar;2;19 de Julio
1082;Pedro Alejandro Hernandez Hernandez;0;Desempleado;12;M;Soltero;Primaria;1;Barrio Guadalupe
1330;Andres Alejandro Hernandez Ruiz;0;Desempleado;6;M;Soltero;Primaria;2;San Judas
1331;Carlos Alejandro Gonzalez Lopez;21000;Costur`ero;44;M;Soltero;Primaria;1;Barrio El Calvario
1028;Kevin Alejandro Perez Ruiz;11500;Dependiente de tienda;21;M;Casado;Técnico;1;Barrio Medardo Andino
1316;Marta Alejandro Hernandez Castro;0;Desempleado;34;F;Soltero;Primaria;1;Colina del Verbo
1388;Mario Alejandro Ruiz Torres;19000;Electricista;16;M;Soltero;Secundaria;5;Sol de libertad
1253;Jose Alejandro Castro Hernandez;0;Desempleado;52;M;Casado;Preescolar;2;Baká
1222;Juan Alejandro Flores Mendoza;9500;Técnico Agropecuario;30;M;Soltero;Técnico;3;19 de Julio
1146;Andres Alejandro Torres Torres;0;Desempleado;11;M;Soltero;Primaria;4;Barrio Obrero
1076;Marta Alejandro Mendoza Perez;16000;Médico general;34;F;Soltero;Universidad;5;Sol de libertad
1287;Pedro Alejandro Mendoza Gonzalez;10000;Vendedor;46;M;Soltero;Técnico;1;Barrio La Cruz
1387;Lucia Alejandro Ruiz Gonzalez;14500;Cocinero;76;F;Casado;Primaria;4;Barrio 19 de Julio
1024;Valeria Alejandro Hernandez Perez;14000;Mesero;23;F;Soltero;Primaria;4;Barrio Obrero
1016;Paula Alejandro Hernandez Martinez;0;Desempleado;59;F;Soltero;Preescolar;1;Barrio La Cruz
1190;Camila Alejandro Martinez Perez;0;Desempleado;36;F;Soltero;Preescolar;1;El Calavario
1094;Andres Alejandro Lopez Castro;0;Desempleado;5;M;Soltero;Preescolar;1;Barrio Obrero
1149;Valeria Alejandro Gonzalez Martinez;0;Desempleado;57;F;Casado;Preescolar;1;San Judas
1493;Daniel Alejandro Ruiz Hernandez;14000;Mesero;41;M;Casado;Primaria;4;Barrio Medardo Andino
1233;Pedro Alejandro Martinez Martinez;13000;Conductor de taxi;78;M;Casado;Primaria;5;San Ramón
1346;Elena Alejandro Gonzalez Ruiz;0;Desempleado;3;F;Soltero;Preescolar;1;Barrio Obrero
1047;Lucia Alejandro Ruiz Mendoza;17000;Albañil;77;F;Casado;Secundaria;5;Barrio El Calvario
1382;Juan Alejandro Hernandez Martinez;0;Desempleado;77;M;Casado;Preescolar;1;Barrio Arnoldo Alemán
1314;Miguel Alejandro Torres Ruiz;0;Desempleado;19;M;Soltero;Técnico;1;Urbanización San Miguel
1215;Sofia Alejandro Flores Flores;0;Desempleado;60;F;Soltero;Primaria;2;Sol de libertad
1273;Camila Alejandro Ruiz Gonzalez;16000;Médico general;70;F;Soltero;Universidad;5;San Judas
1395;Lucia Alejandro Torres Ruiz;12500;Repartidor;66;F;Soltero;Primaria;3;Urbanización San Miguel
1006;Daniel Alejandro Flores Perez;16000;Médico general;53;M;Soltero;Universidad;5;Barrio Arnoldo Alemán
1240;Elena Alejandro Hernandez Torres;11000;Comerciante Informal;52;F;Soltero;Primaria;1;El Calavario
1420;Juan Alejandro Castro Hernandez;8500;Campesino;79;M;Casado;Primaria;3;María Auxiliadora
1477;Daniel Alejandro Gonzalez Ruiz;9500;Técnico Agropecuario;46;M;Casado;Técnico;3;El Calavario
1107;Miguel Alejandro Gonzalez Mendoza;21000;Costur`ero;27;M;Soltero;Preescolar;3;Barrio Guadalupe
1096;Mario Alejandro Torres Ruiz;8500;Campesino;29;M;Soltero;Preescolar;2;Barrio Obrero
1451;Miguel Alejandro Mendoza Hernandez;13500;Barbero;40;M;Soltero;Preescolar;3;Urbanización San Miguel
1222;Jose Alejandro Gonzalez Gonzalez;9500;Técnico Agropecuario;52;M;Soltero;Técnico;3;19 de Julio
1158;Juan Alejandro Perez Ruiz;0;Desempleado;7;M;Soltero;Primaria;5;María Auxiliadora
1174;Maria Alejandro Gonzalez Torres;0;Desempleado;80;F;Casado;Preescolar;1;Altamira del Este
1134;Pedro Alejandro Gonzalez Martinez;0;Desempleado;64;M;Soltero;Primaria;4;Barrio La Cruz
1053;Lucia Alejandro Mendoza Perez;14500;Cocinero;26;F;Soltero;Preescolar;1;San Judas
1433;Luis Alejandro Hernandez Flores;0;Desempleado;45;M;Casado;Preescolar;2;Barrio Guadalupe
1390;Daniel Alejandro Ruiz Gonzalez;0;Desempleado;16;M;Soltero;Secundaria;1;Barrio La Cruz
1189;Fernanda Alejandro Castro Lopez;9000;Obrero;77;F;Casado;Preescolar;1;Barrio Los Pinos
1353;Fernanda Alejandro Mendoza Gonzalez;11000;Comerciante Informal;59;F;Soltero;Primaria;3;Barrio Guadalupe
1315;Miguel Alejandro Castro Hernandez;0;Desempleado;6;M;Soltero;Primaria;5;Monimbó
1056;Mario Alejandro Lopez Flores;0;Desempleado;7;M;Soltero;Primaria;4;19 de Julio
1047;Carlos Alejandro Ruiz Flores;0;Desempleado;77;M;Casado;Preescolar;2;Barrio El Calvario
1075;Daniel Alejandro Perez Gonzalez;0;Desempleado;26;M;Casado;Primaria;5;19 de Julio
1074;Sofia Alejandro Ruiz Martinez;0;Desempleado;14;F;Soltero;Secundaria;1;Baká
1481;Daniel Alejandro Lopez Mendoza;8500;Campesino;38;M;Soltero;Primaria;4;San Judas
1225;Fernanda Alejandro Flores Martinez;13500;Barbero;60;F;Casado;Primaria;2;Monimbó
1094;Carlos Alejandro Perez Hernandez;0;Desempleado;9;M;Soltero;Primaria;1;Barrio Obrero
1154;Kevin Alejandro Ruiz Mendoza;0;Desempleado;57;M;Casado;Preescolar;1;Altamira del Este
1184;Luis Alejandro Castro Perez;0;Desempleado;59;M;Soltero;Primaria;3;Barrio Obrero
1242;Marta Alejandro Hernandez Torres;15500;Enfermero;60;F;Soltero;Universidad;5;Colina del Verbo
1173;Valeria Alejandro Perez Perez;11000;Comerciante Informal;44;F;Soltero;Primaria;2;Monimbó
1365;Jose Alejandro Castro Lopez;0;Desempleado;32;M;Soltero;Primaria;3;Barrio Los Pinos
1220;Jose Alejandro Gonzalez Castro;9000;Obrero;18;M;Soltero;Técnico;1;Urbanización San Miguel
1428;Maria Alejandro Mendoza Martinez;10500;Cajero;66;F;Casado;Técnico;1;Barrio El Calvario
1304;Elena Alejandro Ruiz Perez;18000;Carpintero;78;F;Casado;Secundaria;5;Urbanización San Miguel
1447;Paula Alejandro Ruiz Mendoza;17000;Albañil;71;F;Casado;Secundaria;5;María Auxiliadora
1378;Kevin Alejandro Martinez Torres;0;Desempleado;67;M;Casado;Preescolar;1;Barrio El Rosario
1079;Pedro Alejandro Perez Martinez;14000;Mesero;51;M;Soltero;Preescolar;3;Barrio La Cruz
1215;Daniel Alejandro Hernandez Perez;9000;Obrero;40;M;Soltero;Preescolar;1;Sol de libertad
1127;Sofia Alejandro Martinez Hernandez;0;Desempleado;53;F;Soltero;Primaria;1;María Auxiliadora
1376;Fernanda Alejandro Castro Hernandez;12000;Trabajador doméstico;54;F;Casado;Primaria;5;Barrio Arnoldo Alemán
1342;Juan Alejandro Gonzalez Flores;0;Desempleado;26;M;Soltero;Primaria;1;Monimbó
1250;Valeria Alejandro Castro Torres;18000;Carpintero;28;F;Soltero;Secundaria;5;María Auxiliadora
1297;Valeria Alejandro Castro Gonzalez;9500;Técnico Agropecuario;68;F;Casado;Técnico;3;María Auxiliadora
1493;Camila Alejandro Gonzalez Torres;0;Desempleado;6;F;Soltero;Primaria;1;Barrio Medardo Andino
1295;Carlos Alejandro Gonzalez Ruiz;10500;Cajero;15;M;Soltero;Técnico;1;Barrio Guadalupe
1063;Pedro Alejandro Perez Lopez;11500;Dependiente de tienda;20;M;Casado;Técnico;1;Altamira del Este
1049;Lucia Alejandro Flores Ruiz;9000;Obrero;55;F;Soltero;Preescolar;2;Barrio El Rosario
1252;Camila Alejandro Lopez Martinez;9000;Obrero;29;F;Soltero;Preescolar;2;Barrio Arnoldo Alemán
1261;Luis Alejandro Ruiz Martinez;10500;Cajero;35;M;Soltero;Técnico;1;Altamira del Este
1277;Maria Alejandro Hernandez Martinez;12500;Repartidor;64;F;Soltero;Primaria;5;Colina del Verbo
1362;Camila Alejandro Perez Flores;0;Desempleado;3;F;Soltero;Preescolar;1;Urbanización San Miguel
1326;Valeria Alejandro Hernandez Gonzalez;12500;Repartidor;17;F;Soltero;Secundaria;1;Barrio Guadalupe
1073;Pedro Alejandro Martinez Ruiz;11000;Comerciante Informal;44;M;Soltero;Primaria;4;19 de Julio
1187;Juan Alejandro Flores Hernandez;12500;Repartidor;51;M;Soltero;Primaria;5;El Calavario
1261;Carlos Alejandro Torres Lopez;0;Desempleado;14;M;Soltero;Secundaria;1;Altamira del Este
1434;Carlos Alejandro Perez Lopez;8500;Campesino;74;M;Casado;Primaria;3;El Calavario
1365;Juan Alejandro Perez Hernandez;12500;Repartidor;53;M;Soltero;Primaria;1;Barrio Los Pinos
1058;Camila Alejandro Flores Gonzalez;0;Desempleado;38;F;Soltero;Preescolar;1;Barrio Medardo Andino
1194;Carlos Alejandro Gonzalez Ruiz;21000;Costur`ero;68;M;Casado;Preescolar;1;Barrio Medardo Andino
1384;Ana Alejandro Castro Hernandez;17000;Albañil;42;F;Soltero;Secundaria;5;Altamira del Este
1134;Mario Alejandro Castro Lopez;8500;Campesino;74;M;Soltero;Primaria;2;Barrio La Cruz
1106;Andres Alejandro Flores Martinez;0;Desempleado;72;M;Casado;Preescolar;1;Colina del Verbo
1069;Marta Alejandro Mendoza Martinez;0;Desempleado;6;F;Soltero;Primaria;2;Barrio 19 de Julio
1214;Miguel Alejandro Lopez Gonzalez;12500;Repartidor;41;M;Soltero;Primaria;4;Colina del Verbo
1030;Marta Alejandro Lopez Hernandez;10500;Cajero;59;F;Casado;Técnico;1;Barrio La Cruz
1061;Pedro Alejandro Perez Castro;0;Desempleado;2;M;Soltero;Preescolar;1;Barrio 19 de Julio
1063;Sofia Alejandro Flores Perez;8500;Campesino;33;F;Soltero;Primaria;3;Altamira del Este
1194;Lucia Alejandro Perez Ruiz;0;Desempleado;63;F;Casado;Primaria;4;Barrio Medardo Andino
1026;Juan Alejandro Perez Ruiz;0;Desempleado;38;M;Casado;Preescolar;2;19 de Julio
1125;Kevin Alejandro Hernandez Castro;0;Desempleado;69;M;Casado;Primaria;5;19 de Julio
1228;Sofia Alejandro Ruiz Flores;0;Desempleado;13;F;Soltero;Secundaria;1;Barrio Arnoldo Alemán
1265;Carlos Alejandro Martinez Hernandez;0;Desempleado;63;M;Casado;Primaria;2;Barrio El Calvario
1026;Kevin Alejandro Gonzalez Gonzalez;13500;Barbero;31;M;Soltero;Primaria;5;19 de Julio
1269;Maria Alejandro Gonzalez Gonzalez;13000;Conductor de taxi;25;F;Casado;Preescolar;1;Barrio El Calvario
1140;Mario Alejandro Castro Perez;11500;Dependiente de tienda;69;M;Casado;Técnico;1;Barrio El Rosario
1097;Luis Alejandro Ruiz Ruiz;10500;Cajero;61;M;Casado;Técnico;1;Barrio Los Pinos
1399;Ana Alejandro Torres Flores;17000;Albañil;61;F;Casado;Secundaria;5;María Auxiliadora
1242;Valeria Alejandro Perez Torres;0;Desempleado;12;F;Soltero;Primaria;2;Colina del Verbo
1488;Juan Alejandro Castro Perez;0;Desempleado;65;M;Casado;Primaria;2;Barrio La Cruz
1046;Marta Alejandro Castro Gonzalez;0;Desempleado;46;F;Soltero;Primaria;3;Barrio Los Pinos
1312;Maria Alejandro Mendoza Perez;0;Desempleado;66;F;Casado;Primaria;3;Barrio Los Pinos
1489;Lucia Alejandro Torres Hernandez;0;Desempleado;3;F;Soltero;Preescolar;3;Barrio El Calvario
1288;Maria Alejandro Gonzalez Ruiz;8500;Campesino;61;F;Soltero;Primaria;4;Barrio El Calvario
1164;Elena Alejandro Castro Castro;0;Desempleado;25;F;Soltero;Preescolar;1;San Ramón
1202;Kevin Alejandro Mendoza Lopez;0;Desempleado;8;M;Soltero;Primaria;1;Barrio Guadalupe
1335;Andres Alejandro Perez Ruiz;0;Desempleado;3;M;Soltero;Preescolar;1;Barrio La Cruz
1357;Lucia Alejandro Perez Martinez;18000;Carpintero;17;F;Soltero;Secundaria;5;Urbanización San Miguel
1287;Juan Alejandro Mendoza Perez;13000;Conductor de taxi;50;M;Casado;Preescolar;1;Barrio La Cruz
1122;Andres Alejandro Martinez Gonzalez;12000;Trabajador doméstico;80;M;Casado;Preescolar;3;El Calavario
1468;Juan Alejandro Perez Lopez;9000;Obrero;53;M;Casado;Preescolar;2;Barrio 19 de Julio
1267;Andres Alejandro Flores Castro;10000;Vendedor;36;M;Soltero;Técnico;1;San Ramón
1299;Andres Alejandro Torres Flores;0;Desempleado;6;M;Soltero;Primaria;3;Sol de libertad
1493;Paula Alejandro Hernandez Ruiz;0;Desempleado;3;F;Soltero;Preescolar;1;Barrio Medardo Andino
1319;Elena Alejandro Lopez Hernandez;17000;Albañil;50;F;Casado;Secundaria;5;San Judas
1153;Sofia Alejandro Torres Mendoza;0;Desempleado;34;F;Soltero;Preescolar;3;Urbanización San Miguel
1365;Fernanda Alejandro Martinez Hernandez;0;Desempleado;12;F;Soltero;Primaria;5;Barrio Los Pinos
1209;Fernanda Alejandro Torres Ruiz;0;Desempleado;65;F;Casado;Primaria;2;Barrio El Calvario
1157;Andres Alejandro Perez Gonzalez;16000;Médico general;33;M;Soltero;Universidad;5;Baká
1083;Elena Alejandro Castro Martinez;0;Desempleado;47;F;Casado;Preescolar;2;Sol de libertad
1181;Kevin Alejandro Lopez Flores;0;Desempleado;63;M;Soltero;Preescolar;2;19 de Julio
1324;Valeria Alejandro Lopez Torres;9000;Obrero;36;F;Soltero;Preescolar;2;Urbanización San Miguel
1487;Valeria Alejandro Perez Martinez;0;Desempleado;61;F;Casado;Preescolar;2;Urbanización San Miguel
1321;Pedro Alejandro Martinez Martinez;13000;Conductor de taxi;73;M;Casado;Primaria;4;Sol de libertad
1301;Mario Alejandro Mendoza Ruiz;13500;Barbero;31;M;Soltero;Primaria;5;Barrio Los Pinos
1243;Luis Alejandro Hernandez Mendoza;9000;Obrero;69;M;Soltero;Primaria;2;María Auxiliadora
1150;Andres Alejandro Mendoza Castro;0;Desempleado;1;M;Soltero;Preescolar;1;Barrio 19 de Julio
1187;Miguel Alejandro Castro Gonzalez;14000;Mesero;68;M;Casado;Primaria;4;El Calavario
1102;Mario Alejandro Mendoza Torres;11000;Comerciante Informal;73;M;Casado;Preescolar;3;San Ramón
1339;Valeria Alejandro Castro Ruiz;0;Desempleado;10;F;Soltero;Primaria;3;Barrio Medardo Andino
1185;Paula Alejandro Ruiz Mendoza;0;Desempleado;22;F;Soltero;Técnico;1;Barrio Medardo Andino
1197;Paula Alejandro Mendoza Perez;10000;Vendedor;65;F;Soltero;Técnico;1;Urbanización San Miguel
1146;Valeria Alejandro Gonzalez Martinez;17000;Albañil;80;F;Casado;Secundaria;5;Barrio Obrero
1258;Fernanda Alejandro Castro Perez;17000;Albañil;28;F;Soltero;Secundaria;5;19 de Julio
1306;Daniel Alejandro Ruiz Torres;17000;Albañil;59;M;Casado;Secundaria;5;Barrio El Rosario
1057;Sofia Alejandro Castro Perez;9500;Técnico Agropecuario;75;F;Soltero;Técnico;3;María Auxiliadora
1409;Juan Alejandro Torres Lopez;12000;Trabajador doméstico;60;M;Casado;Primaria;1;Barrio La Cruz
1436;Mario Alejandro Martinez Martinez;10000;Vendedor;24;M;Soltero;Técnico;1;Barrio La Cruz
1497;Mario Alejandro Lopez Gonzalez;18000;Carpintero;71;M;Casado;Secundaria;5;Colina del Verbo
1024;Pedro Alejandro Lopez Martinez;21000;Costur`ero;20;M;Soltero;Técnico;1;Barrio Obrero
1461;Fernanda Alejandro Castro Lopez;11000;Comerciante Informal;23;F;Casado;Primaria;2;19 de Julio
1099;Ana Alejandro Castro Torres;0;Desempleado;63;F;Casado;Preescolar;2;Barrio 19 de Julio
1433;Ana Alejandro Lopez Mendoza;0;Desempleado;68;F;Soltero;Primaria;3;Barrio Guadalupe
1301;Maria Alejandro Martinez Ruiz;0;Desempleado;44;F;Casado;Primaria;1;Barrio Los Pinos
1334;Sofia Alejandro Perez Lopez;11000;Comerciante Informal;64;F;Casado;Primaria;5;Barrio 19 de Julio
1284;Camila Alejandro Mendoza Ruiz;12000;Trabajador doméstico;49;F;Soltero;Preescolar;3;Monimbó
1134;Elena Alejandro Ruiz Castro;21000;Costur`ero;62;F;Casado;Preescolar;3;Barrio La Cruz
1322;Carlos Alejandro Castro Mendoza;10000;Vendedor;73;M;Casado;Técnico;1;El Calavario
1478;Marta Alejandro Martinez Hernandez;10500;Cajero;72;F;Casado;Técnico;1;Urbanización San Miguel
1371;Luis Alejandro Flores Ruiz;13500;Barbero;61;M;Casado;Primaria;5;19 de Julio
1374;Fernanda Alejandro Martinez Lopez;0;Desempleado;76;F;Casado;Primaria;2;Barrio Guadalupe
1412;Elena Alejandro Gonzalez Flores;0;Desempleado;64;F;Soltero;Preescolar;2;Barrio El Calvario
1004;Kevin Alejandro Flores Hernandez;0;Desempleado;7;M;Soltero;Primaria;5;Barrio Medardo Andino
1348;Fernanda Alejandro Perez Martinez;0;Desempleado;9;F;Soltero;Primaria;1;San Judas
1364;Marta Alejandro Castro Gonzalez;0;Desempleado;76;F;Casado;Primaria;3;El Calavario
1368;Sofia Alejandro Torres Perez;16000;Médico general;77;F;Casado;Universidad;5;María Auxiliadora
1150;Sofia Alejandro Ruiz Hernandez;10000;Vendedor;67;F;Casado;Técnico;1;Barrio 19 de Julio
1275;Mario Alejandro Hernandez Flores;8500;Campesino;51;M;Casado;Primaria;2;Altamira del Este
1470;Camila Alejandro Flores Hernandez;12500;Repartidor;35;F;Casado;Primaria;1;San Ramón
1268;Miguel Alejandro Ruiz Gonzalez;14500;Cocinero;57;M;Soltero;Primaria;1;Altamira del Este
1002;Juan Alejandro Perez Castro;19000;Electricista;21;M;Casado;Secundaria;5;Barrio 19 de Julio
1044;Maria Alejandro Perez Ruiz;0;Desempleado;7;F;Soltero;Primaria;1;Barrio El Calvario
1385;Mario Alejandro Lopez Torres;11500;Dependiente de tienda;43;M;Soltero;Técnico;1;Monimbó
1240;Lucia Alejandro Mendoza Torres;13000;Conductor de taxi;19;F;Soltero;Técnico;1;El Calavario
1371;Paula Alejandro Perez Torres;0;Desempleado;71;F;Casado;Primaria;4;19 de Julio
1086;Valeria Alejandro Martinez Hernandez;19000;Electricista;16;F;Soltero;Secundaria;5;Barrio Guadalupe
1299;Valeria Alejandro Perez Ruiz;0;Desempleado;40;F;Soltero;Preescolar;3;Sol de libertad
1147;Elena Alejandro Martinez Martinez;13000;Conductor de taxi;45;F;Soltero;Primaria;3;San Judas
1236;Ana Alejandro Castro Perez;10500;Cajero;45;F;Soltero;Técnico;1;Urbanización San Miguel
1383;Fernanda Alejandro Martinez Perez;9000;Obrero;59;F;Casado;Primaria;5;Colina del Verbo
1273;Maria Alejandro Lopez Lopez;0;Desempleado;11;F;Soltero;Primaria;4;San Judas
1434;Sofia Alejandro Martinez Ruiz;21000;Costur`ero;40;F;Casado;Primaria;3;El Calavario
1397;Daniel Alejandro Ruiz Torres;0;Desempleado;72;M;Casado;Primaria;4;Monimbó
1280;Andres Alejandro Castro Perez;0;Desempleado;29;M;Soltero;Primaria;5;Altamira del Este
1418;Ana Alejandro Castro Flores;0;Desempleado;4;F;Soltero;Preescolar;1;Monimbó
1438;Carlos Alejandro Torres Perez;0;Desempleado;28;M;Casado;Preescolar;2;María Auxiliadora
1086;Valeria Alejandro Castro Flores;0;Desempleado;40;F;Casado;Preescolar;1;Barrio Guadalupe
1145;Lucia Alejandro Hernandez Hernandez;10000;Vendedor;73;F;Soltero;Técnico;1;San Judas
1036;Luis Alejandro Mendoza Torres;0;Desempleado;6;M;Soltero;Primaria;1;Barrio Arnoldo Alemán
1480;Andres Alejandro Gonzalez Castro;0;Desempleado;7;M;Soltero;Primaria;1;Monimbó
1057;Kevin Alejandro Gonzalez Flores;17000;Albañil;35;M;Soltero;Secundaria;5;María Auxiliadora
1091;Valeria Alejandro Lopez Lopez;8500;Campesino;28;F;Casado;Primaria;3;Barrio Arnoldo Alemán
1057;Valeria Alejandro Lopez Ruiz;14000;Mesero;76;F;Casado;Preescolar;1;María Auxiliadora
1496;Mario Alejandro Gonzalez Gonzalez;12500;Repartidor;46;M;Soltero;Primaria;1;Barrio Obrero
1386;Valeria Alejandro Ruiz Mendoza;14000;Mesero;39;F;Soltero;Primaria;3;María Auxiliadora
1333;Ana Alejandro Ruiz Ruiz;21000;Costur`ero;78;F;Casado;Primaria;5;María Auxiliadora
1193;Miguel Alejandro Hernandez Torres;0;Desempleado;17;M;Soltero;Secundaria;1;Barrio Medardo Andino
1302;Kevin Alejandro Gonzalez Lopez;14500;Cocinero;35;M;Soltero;Primaria;4;Barrio Obrero
1377;Camila Alejandro Martinez Castro;18000;Carpintero;34;F;Soltero;Secundaria;5;Colina del Verbo
1110;Andres Alejandro Lopez Lopez;0;Desempleado;32;M;Casado;Preescolar;1;Barrio Guadalupe
1408;Juan Alejandro Martinez Lopez;14000;Mesero;58;M;Soltero;Primaria;5;Barrio Arnoldo Alemán
1422;Miguel Alejandro Ruiz Castro;0;Desempleado;11;M;Soltero;Primaria;1;Barrio El Calvario
1329;Mario Alejandro Castro Lopez;13000;Conductor de taxi;34;M;Casado;Primaria;1;Barrio Obrero
1319;Ana Alejandro Castro Castro;0;Desempleado;1;F;Soltero;Preescolar;1;San Judas
1125;Jose Alejandro Perez Perez;19000;Electricista;33;M;Soltero;Secundaria;5;19 de Julio
1232;Camila Alejandro Castro Perez;9500;Técnico Agropecuario;61;F;Soltero;Técnico;3;Barrio Medardo Andino
1092;Ana Alejandro Perez Torres;0;Desempleado;9;F;Soltero;Primaria;4;Barrio Arnoldo Alemán
1454;Kevin Alejandro Torres Flores;0;Desempleado;22;M;Soltero;Técnico;1;María Auxiliadora
1194;Jose Alejandro Perez Torres;19000;Electricista;57;M;Soltero;Secundaria;5;Barrio Medardo Andino
1086;Camila Alejandro Mendoza Perez;0;Desempleado;12;F;Soltero;Primaria;4;Barrio Guadalupe
1049;Marta Alejandro Castro Flores;0;Desempleado;17;F;Soltero;Secundaria;1;Barrio El Rosario
1279;Sofia Alejandro Ruiz Castro;11500;Dependiente de tienda;51;F;Soltero;Técnico;1;El Calavario
1263;Luis Alejandro Gonzalez Flores;0;Desempleado;14;M;Soltero;Secundaria;1;Barrio El Calvario
1153;Juan Alejandro Flores Hernandez;14000;Mesero;66;M;Casado;Primaria;5;Urbanización San Miguel
1286;Camila Alejandro Perez Torres;0;Desempleado;11;F;Soltero;Primaria;2;Altamira del Este
1150;Miguel Alejandro Perez Castro;9500;Técnico Agropecuario;52;M;Soltero;Técnico;3;Barrio 19 de Julio
1178;Jose Alejandro Perez Perez;11500;Dependiente de tienda;63;M;Soltero;Técnico;1;San Ramón
1319;Carlos Alejandro Mendoza Ruiz;0;Desempleado;14;M;Soltero;Secundaria;1;San Judas
1453;Miguel Alejandro Hernandez Ruiz;0;Desempleado;6;M;Soltero;Primaria;1;El Calavario
1456;Juan Alejandro Torres Castro;14000;Mesero;51;M;Soltero;Preescolar;2;Barrio La Cruz
1399;Luis Alejandro Flores Martinez;0;Desempleado;11;M;Soltero;Primaria;1;María Auxiliadora
1252;Kevin Alejandro Mendoza Martinez;10000;Vendedor;68;M;Casado;Técnico;1;Barrio Arnoldo Alemán
1454;Paula Alejandro Lopez Torres;0;Desempleado;13;F;Soltero;Secundaria;1;María Auxiliadora
1216;Paula Alejandro Ruiz Torres;0;Desempleado;51;F;Soltero;Primaria;4;San Ramón
1201;Ana Alejandro Martinez Castro;0;Desempleado;9;F;Soltero;Primaria;1;Barrio Obrero
1423;Elena Alejandro Flores Lopez;0;Desempleado;78;F;Casado;Primaria;5;Barrio Obrero
1500;Sofia Alejandro Perez Castro;0;Desempleado;22;F;Soltero;Técnico;1;Baká
1338;Valeria Alejandro Mendoza Gonzalez;11500;Dependiente de tienda;15;F;Soltero;Técnico;1;19 de Julio
1232;Lucia Alejandro Castro Perez;0;Desempleado;60;F;Soltero;Preescolar;3;Barrio Medardo Andino
1046;Maria Alejandro Mendoza Castro;18000;Carpintero;46;F;Soltero;Secundaria;5;Barrio Los Pinos
1432;Maria Alejandro Martinez Perez;0;Desempleado;63;F;Soltero;Primaria;2;Monimbó
1146;Elena Alejandro Mendoza Martinez;0;Desempleado;10;F;Soltero;Primaria;1;Barrio Obrero
1275;Sofia Alejandro Flores Castro;21000;Costur`ero;70;F;Soltero;Primaria;5;Altamira del Este
1291;Luis Alejandro Gonzalez Flores;0;Desempleado;65;M;Casado;Primaria;4;Urbanización San Miguel
1001;Paula Alejandro Perez Hernandez;18000;Carpintero;75;F;Soltero;Secundaria;5;Altamira del Este
1293;Valeria Alejandro Castro Ruiz;11500;Dependiente de tienda;66;F;Soltero;Técnico;1;Colina del Verbo
1469;Jose Alejandro Castro Torres;13000;Conductor de taxi;45;M;Soltero;Preescolar;1;Barrio El Rosario
1415;Sofia Alejandro Castro Flores;0;Desempleado;14;F;Soltero;Secundaria;1;Sol de libertad
1313;Kevin Alejandro Hernandez Perez;18000;Carpintero;73;M;Soltero;Secundaria;5;Altamira del Este
1347;Elena Alejandro Torres Perez;21000;Costur`ero;50;F;Casado;Primaria;2;San Ramón
1030;Elena Alejandro Martinez Mendoza;0;Desempleado;9;F;Soltero;Primaria;1;Barrio La Cruz
1480;Paula Alejandro Torres Castro;0;Desempleado;62;F;Soltero;Preescolar;2;Monimbó
1105;Mario Alejandro Hernandez Lopez;0;Desempleado;72;M;Casado;Primaria;5;Barrio 19 de Julio
1325;Elena Alejandro Perez Perez;14500;Cocinero;60;F;Soltero;Primaria;2;Sol de libertad
1151;Ana Alejandro Castro Mendoza;12000;Trabajador doméstico;52;F;Casado;Primaria;4;San Judas
1480;Paula Alejandro Lopez Torres;11500;Dependiente de tienda;76;F;Casado;Técnico;1;Monimbó
1370;Jose Alejandro Torres Torres;18000;Carpintero;62;M;Casado;Secundaria;5;Barrio La Cruz
1098;Daniel Alejandro Perez Mendoza;9000;Obrero;32;M;Soltero;Primaria;2;Monimbó
1215;Jose Alejandro Martinez Ruiz;18000;Carpintero;63;M;Soltero;Secundaria;5;Sol de libertad
1176;Luis Alejandro Torres Hernandez;9000;Obrero;80;M;Casado;Preescolar;3;Altamira del Este
1011;Jose Alejandro Ruiz Lopez;0;Desempleado;13;M;Soltero;Secundaria;1;Colina del Verbo
1108;Fernanda Alejandro Flores Martinez;12500;Repartidor;57;F;Soltero;Primaria;5;San Ramón
1293;Paula Alejandro Perez Hernandez;13000;Conductor de taxi;74;F;Casado;Primaria;5;Colina del Verbo
1036;Andres Alejandro Gonzalez Mendoza;13500;Barbero;25;M;Soltero;Preescolar;3;Barrio Arnoldo Alemán
1049;Carlos Alejandro Mendoza Perez;19000;Electricista;54;M;Casado;Secundaria;5;Barrio El Rosario
1054;Fernanda Alejandro Ruiz Torres;0;Desempleado;12;F;Soltero;Primaria;1;Barrio Obrero
1271;Carlos Alejandro Martinez Martinez;9000;Obrero;30;M;Soltero;Primaria;5;Barrio Medardo Andino
1296;Fernanda Alejandro Ruiz Lopez;8500;Campesino;20;F;Soltero;Técnico;1;Urbanización San Miguel
1043;Pedro Alejandro Martinez Martinez;11500;Dependiente de tienda;80;M;Casado;Técnico;1;Monimbó
1206;Luis Alejandro Martinez Perez;0;Desempleado;26;M;Soltero;Primaria;5;San Ramón
1374;Daniel Alejandro Castro Ruiz;0;Desempleado;18;M;Casado;Técnico;1;Barrio Guadalupe
1183;Camila Alejandro Torres Castro;15500;Enfermero;46;F;Soltero;Universidad;5;Barrio Obrero
1429;Marta Alejandro Gonzalez Mendoza;9500;Técnico Agropecuario;49;F;Soltero;Técnico;3;Monimbó
1131;Jose Alejandro Perez Castro;10000;Vendedor;16;M;Soltero;Técnico;1;El Calavario
1490;Camila Alejandro Mendoza Flores;0;Desempleado;3;F;Soltero;Preescolar;2;Colina del Verbo
1397;Camila Alejandro Torres Mendoza;0;Desempleado;67;F;Soltero;Preescolar;2;Monimbó
1072;Pedro Alejandro Torres Gonzalez;0;Desempleado;41;M;Casado;Preescolar;3;Colina del Verbo
1189;Miguel Alejandro Lopez Lopez;10000;Vendedor;51;M;Soltero;Técnico;1;Barrio Los Pinos
1054;Sofia Alejandro Martinez Mendoza;0;Desempleado;53;F;Casado;Preescolar;1;Barrio Obrero
1456;Paula Alejandro Ruiz Martinez;14000;Mesero;25;F;Soltero;Primaria;3;Barrio La Cruz
1206;Pedro Alejandro Gonzalez Ruiz;18000;Carpintero;33;M;Soltero;Secundaria;5;San Ramón
1410;Ana Alejandro Flores Hernandez;0;Desempleado;11;F;Soltero;Primaria;2;María Auxiliadora
1275;Sofia Alejandro Castro Mendoza;18000;Carpintero;36;F;Soltero;Secundaria;5;Altamira del Este
1132;Elena Alejandro Torres Ruiz;14500;Cocinero;55;F;Soltero;Preescolar;1;San Judas
1094;Maria Alejandro Castro Hernandez;0;Desempleado;35;F;Casado;Preescolar;1;Barrio Obrero
1444;Pedro Alejandro Torres Lopez;14000;Mesero;52;M;Soltero;Primaria;5;Sol de libertad
1244;Lucia Alejandro Ruiz Ruiz;0;Desempleado;4;F;Soltero;Preescolar;1;Monimbó
1460;Luis Alejandro Flores Torres;0;Desempleado;62;M;Casado;Primaria;5;San Ramón
1059;Valeria Alejandro Hernandez Martinez;11500;Dependiente de tienda;38;F;Soltero;Técnico;1;Monimbó
1255;Kevin Alejandro Flores Gonzalez;10500;Cajero;35;M;Casado;Técnico;1;San Ramón
1073;Luis Alejandro Ruiz Torres;9000;Obrero;74;M;Casado;Primaria;4;19 de Julio
1351;Valeria Alejandro Hernandez Lopez;18000;Carpintero;61;F;Soltero;Secundaria;5;El Calavario
1346;Maria Alejandro Flores Hernandez;17000;Albañil;26;F;Soltero;Secundaria;5;Barrio Obrero
1261;Maria Alejandro Martinez Flores;21000;Costur`ero;67;F;Casado;Primaria;4;Altamira del Este
1312;Fernanda Alejandro Hernandez Lopez;0;Desempleado;58;F;Soltero;Preescolar;2;Barrio Los Pinos
1255;Lucia Alejandro Gonzalez Perez;10500;Cajero;58;F;Casado;Técnico;1;San Ramón
1464;Mario Alejandro Hernandez Lopez;13000;Conductor de taxi;56;M;Casado;Primaria;1;Barrio Obrero
1265;Juan Alejandro Flores Flores;0;Desempleado;57;M;Soltero;Primaria;4;Barrio El Calvario
1458;Camila Alejandro Ruiz Flores;0;Desempleado;13;F;Soltero;Secundaria;1;Altamira del Este
1137;Maria Alejandro Lopez Gonzalez;0;Desempleado;53;F;Soltero;Preescolar;2;Altamira del Este
1220;Pedro Alejandro Martinez Martinez;16000;Médico general;74;M;Casado;Universidad;5;Urbanización San Miguel
1120;Jose Alejandro Mendoza Hernandez;8500;Campesino;37;M;Casado;Primaria;1;Barrio Guadalupe
1348;Elena Alejandro Mendoza Hernandez;17000;Albañil;43;F;Casado;Secundaria;5;San Judas
1085;Kevin Alejandro Martinez Ruiz;0;Desempleado;24;M;Soltero;Primaria;1;Baká
1107;Mario Alejandro Flores Gonzalez;21000;Costur`ero;76;M;Soltero;Primaria;3;Barrio Guadalupe
1457;Sofia Alejandro Flores Castro;21000;Costur`ero;62;F;Casado;Primaria;1;El Calavario
1459;Andres Alejandro Flores Lopez;0;Desempleado;20;M;Soltero;Técnico;1;Altamira del Este
1166;Pedro Alejandro Lopez Mendoza;0;Desempleado;4;M;Soltero;Preescolar;2;Sol de libertad
1499;Camila Alejandro Ruiz Lopez;0;Desempleado;45;F;Soltero;Primaria;5;Urbanización San Miguel
1416;Fernanda Alejandro Mendoza Flores;11500;Dependiente de tienda;24;F;Soltero;Técnico;1;San Ramón
1300;Maria Alejandro Ruiz Flores;0;Desempleado;1;F;Soltero;Preescolar;1;María Auxiliadora
1413;Pedro Alejandro Lopez Perez;0;Desempleado;18;M;Soltero;Técnico;1;Barrio Medardo Andino
1437;Elena Alejandro Gonzalez Torres;14500;Cocinero;79;F;Casado;Preescolar;3;Barrio Guadalupe
1270;Miguel Alejandro Perez Ruiz;10500;Cajero;18;M;Soltero;Técnico;1;Barrio Los Pinos
1196;Pedro Alejandro Castro Gonzalez;0;Desempleado;11;M;Soltero;Primaria;3;Barrio Arnoldo Alemán
1236;Kevin Alejandro Flores Torres;19000;Electricista;28;M;Soltero;Secundaria;5;Urbanización San Miguel
1002;Carlos Alejandro Gonzalez Gonzalez;0;Desempleado;12;M;Soltero;Primaria;4;Barrio 19 de Julio
1499;Lucia Alejandro Hernandez Lopez;0;Desempleado;71;F;Casado;Preescolar;1;Urbanización San Miguel
1404;Jose Alejandro Flores Torres;0;Desempleado;51;M;Casado;Preescolar;3;Baká
1366;Andres Alejandro Torres Martinez;10500;Cajero;29;M;Soltero;Técnico;1;El Calavario
1237;Paula Alejandro Torres Castro;0;Desempleado;22;F;Soltero;Técnico;1;Barrio Obrero
1256;Mario Alejandro Ruiz Torres;0;Desempleado;75;M;Casado;Primaria;3;Colina del Verbo
1200;Ana Alejandro Castro Mendoza;0;Desempleado;2;F;Soltero;Preescolar;1;Barrio La Cruz
1039;Juan Alejandro Torres Hernandez;14000;Mesero;37;M;Soltero;Primaria;3;Sol de libertad
1439;Juan Alejandro Perez Ruiz;0;Desempleado;19;M;Soltero;Técnico;1;Barrio La Cruz
1420;Carlos Alejandro Lopez Castro;13000;Conductor de taxi;70;M;Soltero;Primaria;4;María Auxiliadora
1068;Maria Alejandro Flores Gonzalez;0;Desempleado;35;F;Soltero;Primaria;1;Barrio El Calvario
1023;Fernanda Alejandro Hernandez Flores;21000;Costur`ero;41;F;Soltero;Preescolar;3;Baká
1293;Camila Alejandro Mendoza Perez;17000;Albañil;45;F;Soltero;Secundaria;5;Colina del Verbo
1067;Maria Alejandro Castro Martinez;11500;Dependiente de tienda;19;F;Casado;Técnico;1;Barrio Guadalupe
1126;Sofia Alejandro Gonzalez Mendoza;0;Desempleado;10;F;Soltero;Primaria;4;19 de Julio
1383;Kevin Alejandro Gonzalez Hernandez;12000;Trabajador doméstico;69;M;Casado;Preescolar;3;Colina del Verbo
1004;Jose Alejandro Castro Martinez;10000;Vendedor;18;M;Soltero;Técnico;1;Barrio Medardo Andino
1500;Elena Alejandro Perez Mendoza;21000;Costur`ero;27;F;Soltero;Primaria;5;Baká
1393;Fernanda Alejandro Ruiz Perez;15500;Enfermero;76;F;Casado;Universidad;5;María Auxiliadora
1400;Juan Alejandro Mendoza Gonzalez;0;Desempleado;5;M;Soltero;Preescolar;1;Barrio Guadalupe
1059;Pedro Alejandro Gonzalez Torres;0;Desempleado;72;M;Soltero;Primaria;5;Monimbó
1078;Sofia Alejandro Flores Lopez;11000;Comerciante Informal;25;F;Soltero;Preescolar;3;Monimbó
1046;Valeria Alejandro Martinez Martinez;16000;Médico general;47;F;Soltero;Universidad;5;Barrio Los Pinos
1195;Lucia Alejandro Flores Flores;13500;Barbero;63;F;Soltero;Preescolar;2;Barrio El Rosario
1159;Mario Alejandro Martinez Hernandez;0;Desempleado;9;M;Soltero;Primaria;5;Barrio El Rosario
1412;Elena Alejandro Torres Lopez;15000;Maestro;57;F;Soltero;Universidad;5;Barrio El Calvario
1062;Lucia Alejandro Perez Mendoza;0;Desempleado;7;F;Soltero;Primaria;1;Colina del Verbo
1460;Lucia Alejandro Hernandez Perez;21000;Costur`ero;37;F;Soltero;Primaria;4;San Ramón
1012;Ana Alejandro Gonzalez Torres;10500;Cajero;52;F;Casado;Técnico;1;Barrio Guadalupe
1381;Marta Alejandro Hernandez Flores;21000;Costur`ero;51;F;Soltero;Preescolar;2;Colina del Verbo
